time,open,high,low,close,volume
2013-01-01 00:00:00+00:00,1200.0586919623954,1210.698017268084,1186.2713612106566,1191.7964683834225,57030.0
2013-01-02 00:00:00+00:00,1191.5095488780162,1195.8981669216878,1182.445767339654,1184.1680756030275,45653.0
2013-01-03 00:00:00+00:00,1184.7419819776394,1194.2637148427675,1134.6663566011098,1140.726096141327,15225.0
2013-01-04 00:00:00+00:00,1140.0637183080603,1145.4667383565375,1132.7350691063493,1135.2248549300798,43162.0
2013-01-05 00:00:00+00:00,1134.7229784324807,1144.6879542504387,1131.5112244712946,1138.346369515636,26159.0
2013-01-06 00:00:00+00:00,1138.3351835145788,1139.3470877505124,1132.2644247670103,1136.0493005803858,14955.0
2013-01-07 00:00:00+00:00,1135.3765921052257,1150.1377214260922,1124.7853457837145,1141.1456583240883,36524.0
2013-01-08 00:00:00+00:00,1141.5904384405353,1150.563500841803,1125.4919644802255,1133.8719392004762,10569.0
2013-01-09 00:00:00+00:00,1133.5854675612518,1137.4086948457182,1115.9872796359352,1126.6757666360609,51677.0
2013-01-10 00:00:00+00:00,1126.9114618902418,1133.3485013997708,1118.5164694634645,1122.9265965948348,20706.0
2013-01-11 00:00:00+00:00,1122.7846011072766,1130.0118437507392,1113.856655305512,1118.9470472079183,32914.0
2013-01-12 00:00:00+00:00,1118.8311851643075,1127.7365919731346,1100.0306503948302,1106.6630033913991,40027.0
2013-01-13 00:00:00+00:00,1106.6661406977616,1116.5517616420873,1094.417628855971,1101.9063857450583,52645.0
2013-01-14 00:00:00+00:00,1101.037943155248,1124.3727603225502,1087.2021114871825,1111.4652098790923,30878.0
2013-01-15 00:00:00+00:00,1110.9781388163656,1118.800543865531,1105.726094883617,1112.3455902075707,20693.0
2013-01-16 00:00:00+00:00,1112.1319361458486,1113.803014922583,1098.345184152753,1105.0091889159712,57576.0
2013-01-17 00:00:00+00:00,1105.987954323509,1112.2125657604115,1084.9495256267649,1096.7946560769944,30283.0
2013-01-18 00:00:00+00:00,1097.1488316645373,1099.6092372312353,1093.6283072095478,1096.396971804802,33992.0
2013-01-19 00:00:00+00:00,1096.7113403654716,1110.6356111686662,1093.373604897328,1102.0299345901994,25387.0
2013-01-20 00:00:00+00:00,1101.5692586993036,1121.3756687069065,1095.8507855262535,1118.8820306083462,29568.0
2013-01-21 00:00:00+00:00,1119.278488254814,1124.1423481129118,1113.4624422629497,1119.7853922546853,11425.0
2013-01-22 00:00:00+00:00,1120.3401665346375,1126.1087081550888,1117.631462953631,1125.2519953655085,20031.0
2013-01-23 00:00:00+00:00,1125.587552433724,1129.8946874976557,1122.7062918062475,1126.2867624482617,17734.0
2013-01-24 00:00:00+00:00,1127.4661668601377,1132.8994134147222,1121.68682553045,1131.0840133323622,20686.0
2013-01-25 00:00:00+00:00,1130.4709520992508,1133.8231007416666,1124.5385184036772,1129.1496756615477,20092.0
2013-01-26 00:00:00+00:00,1128.660329693721,1130.5969046019381,1122.6116941537632,1124.441044529922,42757.0
2013-01-27 00:00:00+00:00,1124.3192573957351,1139.2998641002157,1121.4401449206432,1132.2596258671715,43888.0
2013-01-28 00:00:00+00:00,1131.8144132973114,1134.0738562975407,1128.3864421996318,1132.7773849395483,21947.0
2013-01-29 00:00:00+00:00,1132.7974684609528,1137.2907906742366,1129.9755929798703,1131.5635531944934,16586.0
2013-01-30 00:00:00+00:00,1131.795785527829,1136.5202061486118,1129.6078143831287,1134.7231061378104,11622.0
2013-01-31 00:00:00+00:00,1134.7137485496726,1135.7888616386865,1132.0537239748267,1133.560840610557,36557.0
2013-02-01 00:00:00+00:00,1133.6031702945827,1139.2520064601567,1126.6342716821903,1137.5804184170192,44714.0
2013-02-02 00:00:00+00:00,1137.7613059386638,1145.4477088166445,1136.4083795807253,1142.4287403100273,59007.0
2013-02-03 00:00:00+00:00,1142.7791853389083,1152.7888607179796,1139.8516123149159,1145.6490429704747,21652.0
2013-02-04 00:00:00+00:00,1145.3428336517793,1148.9278297727828,1142.9335110124657,1144.7106955136678,11416.0
2013-02-05 00:00:00+00:00,1144.4004459465064,1145.5498738359202,1139.3847902396565,1142.6949351242142,5904.0
2013-02-06 00:00:00+00:00,1143.2363768231494,1143.8889976093856,1141.7860684519203,1143.0657033172783,41146.0
2013-02-07 00:00:00+00:00,1142.9065421333064,1147.049606110636,1138.0119610043257,1143.8520740407262,56870.0
2013-02-08 00:00:00+00:00,1143.4670914441433,1149.113370373114,1139.2617235549653,1144.2909399952855,26542.0
2013-02-09 00:00:00+00:00,1144.4168040741151,1151.4465951214354,1141.202903495415,1143.9645744909692,49654.0
2013-02-10 00:00:00+00:00,1143.7993814594033,1147.8356552271005,1139.5657966797621,1140.629526371456,59036.0
2013-02-11 00:00:00+00:00,1140.679719876857,1143.9268647150964,1134.3134640140636,1136.8878259012336,59938.0
2013-02-12 00:00:00+00:00,1136.854498891171,1137.9063259904551,1130.2038715808976,1133.4757059667786,8123.0
2013-02-13 00:00:00+00:00,1133.757980655625,1143.8511382744239,1129.5758666896934,1139.7994553994513,43120.0
2013-02-14 00:00:00+00:00,1140.2121523397464,1142.4211333740775,1131.6502475004052,1137.2623026746492,48432.0
2013-02-15 00:00:00+00:00,1136.8805243786069,1147.9590947565134,1133.9486599194395,1144.1120954705264,23705.0
2013-02-16 00:00:00+00:00,1143.5514694459082,1146.522291380512,1139.7271223634073,1141.2504836856897,9983.0
2013-02-17 00:00:00+00:00,1141.9746381487853,1145.6641425591638,1131.5362207057246,1137.77619969979,50319.0
2013-02-18 00:00:00+00:00,1137.4596886215274,1142.4507238240542,1120.6779890736818,1123.7018333986653,11114.0
2013-02-19 00:00:00+00:00,1122.999774461051,1131.2658678942844,1119.7208422240187,1128.473195416398,50442.0
2013-02-20 00:00:00+00:00,1127.6120895919478,1138.0872483435771,1120.6387270676319,1131.7679632684758,7236.0
2013-02-21 00:00:00+00:00,1131.74661420197,1137.270527807623,1126.7236440145148,1131.1584338074833,26591.0
2013-02-22 00:00:00+00:00,1130.861919987751,1141.9987904279262,1129.2833725248463,1140.0764795110204,6710.0
2013-02-23 00:00:00+00:00,1139.23617494916,1148.4734724691052,1135.6409456823662,1142.980588369911,35634.0
2013-02-24 00:00:00+00:00,1142.542055127505,1148.4072591267784,1140.1514311331366,1145.7392274153885,46845.0
2013-02-25 00:00:00+00:00,1145.2483536930881,1153.1611289213156,1142.5527559053705,1151.7190098156248,23796.0
2013-02-26 00:00:00+00:00,1152.1723190742835,1157.8612227106012,1145.4269084594355,1151.067516022763,9195.0
2013-02-27 00:00:00+00:00,1151.1699739245298,1158.0585206280334,1137.8910680068734,1142.3999983396764,40539.0
2013-02-28 00:00:00+00:00,1142.388628309885,1146.6598007131072,1138.1515232327874,1143.5903818545275,6705.0
2013-03-01 00:00:00+00:00,1143.0029747605001,1153.1458733732732,1135.3527100056433,1145.0325867618708,36631.0
2013-03-02 00:00:00+00:00,1144.9434716772141,1150.8753550243928,1142.1271151079225,1144.905043810552,50146.0
2013-03-03 00:00:00+00:00,1145.2020358155887,1156.8014808993591,1142.0410695054388,1150.9775094887777,12220.0
2013-03-04 00:00:00+00:00,1151.0441738239601,1159.172117579874,1144.9648184933164,1147.5127270245753,19768.0
2013-03-05 00:00:00+00:00,1147.9909052556575,1153.8322049807632,1142.215043054737,1145.763102404531,6565.0
2013-03-06 00:00:00+00:00,1145.7920698703076,1150.2603028055557,1140.0644652230958,1142.8167483178715,45436.0
2013-03-07 00:00:00+00:00,1143.1264593316794,1145.5081236662438,1140.739031417386,1142.353602204724,31649.0
2013-03-08 00:00:00+00:00,1142.5555942617355,1144.5549830716764,1138.7292250842013,1140.0930891059206,32693.0
2013-03-09 00:00:00+00:00,1139.8276597901895,1146.3220678713867,1134.7361363823402,1138.512359446485,31648.0
2013-03-10 00:00:00+00:00,1139.1143689997982,1143.153282727647,1129.7194742293123,1131.5577814527476,34245.0
2013-03-11 00:00:00+00:00,1131.7146725642046,1138.3298246287213,1128.674640648254,1133.29568892985,37411.0
2013-03-12 00:00:00+00:00,1133.6624476936863,1136.5746407862696,1126.4487822413253,1130.4290710634527,56142.0
2013-03-13 00:00:00+00:00,1129.9408191633365,1134.8558738501747,1127.4267852596352,1131.9969884572658,25832.0
2013-03-14 00:00:00+00:00,1131.4983970058179,1134.9624428989375,1125.0234441081589,1132.1585508779433,15053.0
2013-03-15 00:00:00+00:00,1132.0700800918464,1136.3429105964685,1126.759080812855,1134.6921529037904,42437.0
2013-03-16 00:00:00+00:00,1134.3196384506923,1137.9565459540609,1125.0450912337783,1130.798471793701,40124.0
2013-03-17 00:00:00+00:00,1131.0716476630935,1133.2193281797984,1130.1027194328267,1132.0559593556238,40263.0
2013-03-18 00:00:00+00:00,1132.2341467230835,1139.2015043571057,1126.6294098407254,1132.842060775308,58680.0
2013-03-19 00:00:00+00:00,1133.3904904326814,1139.2248972166133,1126.8264804665405,1132.8505396310834,30906.0
2013-03-20 00:00:00+00:00,1133.110225087551,1136.0245597360438,1125.7272754126807,1128.241646959752,13778.0
2013-03-21 00:00:00+00:00,1127.7248779672564,1132.9220573473972,1125.027472636209,1130.3416237210815,31674.0
2013-03-22 00:00:00+00:00,1130.7632053483537,1133.8573170249645,1121.9713361257168,1123.2119677821577,39262.0
2013-03-23 00:00:00+00:00,1122.912957745558,1132.4393630751883,1119.755424916658,1125.8463256218176,31815.0
2013-03-24 00:00:00+00:00,1125.508934287586,1132.4273117592695,1119.5618061512048,1127.7582913859574,26741.0
2013-03-25 00:00:00+00:00,1127.7792159451067,1130.1605110565297,1121.2666862226272,1125.222218512155,44274.0
2013-03-26 00:00:00+00:00,1125.2111683334954,1130.7407039214074,1113.1707372132491,1116.1085126213861,18858.0
2013-03-27 00:00:00+00:00,1116.5644134226743,1127.235047106478,1112.4279223363253,1117.6767158448872,17533.0
2013-03-28 00:00:00+00:00,1118.933234602046,1120.7348659890722,1109.9983272852785,1114.0874766356171,19320.0
2013-03-29 00:00:00+00:00,1114.269182444356,1117.4234874725373,1103.8317934594343,1111.6606718311418,56393.0
2013-03-30 00:00:00+00:00,1112.3002864948496,1118.534852781246,1105.329906719463,1107.2873083290547,32990.0
2013-03-31 00:00:00+00:00,1107.1867970940714,1112.7928103289155,1103.0928774109768,1109.7464529359618,51229.0
2013-04-01 00:00:00+00:00,1109.8889475189055,1115.4870819487137,1099.8945086460683,1102.1052111368922,21573.0
2013-04-02 00:00:00+00:00,1101.870323913256,1106.1476246100196,1097.228964728372,1103.0255755809642,49093.0
2013-04-03 00:00:00+00:00,1102.8321492782122,1105.095843070575,1098.0125835130134,1100.276680765098,10587.0
2013-04-04 00:00:00+00:00,1100.860636081451,1102.0544299906712,1080.1273122461894,1081.5371982056986,16692.0
2013-04-05 00:00:00+00:00,1081.7262804809216,1091.2882346790607,1048.3620286622554,1057.7400740035857,6327.0
2013-04-06 00:00:00+00:00,1057.9219581934124,1063.186961260063,1038.394544283672,1046.3840579873606,21681.0
2013-04-07 00:00:00+00:00,1046.0425557420367,1051.5808894430502,1041.9969886971614,1047.670460613695,55488.0
2013-04-08 00:00:00+00:00,1048.3795395417571,1054.8022265761078,1037.7620116908715,1045.1518566944196,13640.0
2013-04-09 00:00:00+00:00,1045.0711385809261,1050.524181734064,1034.089507747216,1037.0525336743292,5901.0
2013-04-10 00:00:00+00:00,1036.7764663116468,1055.3302043116491,1035.8353537945477,1053.9051785744239,30985.0
2013-04-11 00:00:00+00:00,1053.8905196001517,1057.1423715902913,1049.9175550993405,1054.9055882247999,16191.0
2013-04-12 00:00:00+00:00,1055.183060386251,1063.6975904578317,1051.447837118519,1055.831997361816,20995.0
2013-04-13 00:00:00+00:00,1056.1414863254618,1058.6218789432994,1053.305156183958,1056.4841283289552,54762.0
2013-04-14 00:00:00+00:00,1057.0981985968153,1062.6211051974406,1049.8856536158178,1054.8124030436695,28183.0
2013-04-15 00:00:00+00:00,1054.3590324630813,1058.3969743140426,1044.5616497014657,1047.1350563390113,29384.0
2013-04-16 00:00:00+00:00,1046.9487713084864,1050.5465380325304,1044.5246043702346,1048.3010473564766,34920.0
2013-04-17 00:00:00+00:00,1048.9480742899905,1051.7058474903336,1044.9424106633458,1046.8643916592825,49543.0
2013-04-18 00:00:00+00:00,1047.8088001982549,1053.7049491587527,1040.2320444954369,1047.5890070548528,35222.0
2013-04-19 00:00:00+00:00,1047.319983112516,1056.2919937286072,1044.1408318311298,1052.2502596223844,11231.0
2013-04-20 00:00:00+00:00,1052.2037374019537,1055.9051871058937,1041.7336176213466,1048.194043916547,53297.0
2013-04-21 00:00:00+00:00,1047.5411907552232,1051.4321932326038,1042.375911194674,1045.3460319230112,53366.0
2013-04-22 00:00:00+00:00,1044.996345772381,1047.8967864527037,1038.5581946207444,1043.4888539414328,26702.0
2013-04-23 00:00:00+00:00,1043.1147468408758,1057.7180224571466,1040.591952453308,1049.1925662451888,16374.0
2013-04-24 00:00:00+00:00,1049.1435157625542,1052.3473424251358,1042.2441607431517,1044.1120423854043,19055.0
2013-04-25 00:00:00+00:00,1043.6096942637682,1044.9031876117542,1039.5884428724491,1041.3502142416703,8105.0
2013-04-26 00:00:00+00:00,1041.7314109419656,1048.716421844729,1033.1342518621348,1037.1229216920171,32967.0
2013-04-27 00:00:00+00:00,1037.0935241316313,1040.8995785185373,1034.5505868043174,1038.1190212671438,23841.0
2013-04-28 00:00:00+00:00,1038.0084687799288,1040.138237546655,1022.2152045290475,1029.2594927569312,30304.0
2013-04-29 00:00:00+00:00,1029.6326249719386,1032.1768558652348,1024.2038219507806,1026.509423149116,52451.0
2013-04-30 00:00:00+00:00,1026.3946075952588,1041.3525647995891,1024.3730586501003,1038.992462297755,37637.0
2013-05-01 00:00:00+00:00,1038.4725153010663,1042.0291781913782,1033.160104618352,1038.1657086220614,18796.0
2013-05-02 00:00:00+00:00,1038.1716463209125,1042.501527553381,1036.8079511997141,1039.538962690157,11937.0
2013-05-03 00:00:00+00:00,1040.4342860738498,1043.9268360721537,1033.7487971452517,1035.5888575130746,39637.0
2013-05-04 00:00:00+00:00,1035.624822576635,1038.3057764647021,1030.5608860587051,1033.189401253389,5654.0
2013-05-05 00:00:00+00:00,1033.3999801655411,1040.661466388563,1031.2593425524315,1035.7473613080526,25450.0
2013-05-06 00:00:00+00:00,1035.660703916739,1042.0901370931763,1027.4522155877644,1031.947925770073,53716.0
2013-05-07 00:00:00+00:00,1031.8522960140854,1036.2969976161733,1026.6229885813043,1032.7630178891707,33471.0
2013-05-08 00:00:00+00:00,1032.9658153457924,1039.4246320166162,1030.1584642592077,1033.2103316476248,36470.0
2013-05-09 00:00:00+00:00,1032.1144521730007,1044.1228197983912,1031.2170502879662,1043.4216520263567,43850.0
2013-05-10 00:00:00+00:00,1042.8999331908778,1051.9751875972618,1037.9386175414052,1048.3227786615391,9884.0
2013-05-11 00:00:00+00:00,1048.0685412901216,1058.4323572627575,1045.1093652247134,1055.871221891418,24142.0
2013-05-12 00:00:00+00:00,1055.7525197643392,1058.2051813478492,1053.6345386643343,1054.5886562774074,5808.0
2013-05-13 00:00:00+00:00,1055.194992206832,1059.995695562007,1051.477790162119,1056.6332226717016,52599.0
2013-05-14 00:00:00+00:00,1057.662372361595,1060.4259107580872,1047.6976479756008,1050.8364865273552,40199.0
2013-05-15 00:00:00+00:00,1051.0956318996978,1053.0262262917558,1047.047734827739,1049.2181426205816,56728.0
2013-05-16 00:00:00+00:00,1049.3795868058512,1053.5633524635668,1047.1429396930293,1051.5736796225938,52176.0
2013-05-17 00:00:00+00:00,1051.8546817294443,1052.9554017576468,1035.1396677235457,1037.3939558445459,32906.0
2013-05-18 00:00:00+00:00,1038.012480542619,1051.8268642248313,1029.382646501888,1043.751506235326,10871.0
2013-05-19 00:00:00+00:00,1043.3365618417772,1051.398463164319,1038.6355342945863,1047.644809970149,46627.0
2013-05-20 00:00:00+00:00,1047.433848793003,1050.6066885577018,1046.797684813025,1049.8878645070351,56068.0
2013-05-21 00:00:00+00:00,1049.9476195444179,1060.5557418484814,1042.8034518561387,1054.3916406371168,5579.0
2013-05-22 00:00:00+00:00,1054.511628466424,1055.41345928306,1048.0192407720674,1048.5955311687417,49118.0
2013-05-23 00:00:00+00:00,1047.7957863946235,1055.801966053771,1043.2169963190895,1051.654731688351,22284.0
2013-05-24 00:00:00+00:00,1051.8297278926514,1053.5391714119992,1044.791320731432,1049.1151498684383,30913.0
2013-05-25 00:00:00+00:00,1048.4445742524351,1050.3035618225317,1043.0375758273606,1045.3393662027547,43452.0
2013-05-26 00:00:00+00:00,1045.6533052445711,1049.656032262609,1032.4566011346858,1036.5687067611968,8202.0
2013-05-27 00:00:00+00:00,1036.9132691241189,1043.0987286765942,1033.3739495840568,1038.9572830562786,48263.0
2013-05-28 00:00:00+00:00,1038.0145143063605,1041.1737518486723,1026.4693011002319,1031.0422318963222,22529.0
2013-05-29 00:00:00+00:00,1031.2436730314591,1040.188116296736,1024.703683641594,1038.4413346803879,59731.0
2013-05-30 00:00:00+00:00,1038.517164419659,1040.6439200982022,1036.5527872835635,1039.847337445618,51458.0
2013-05-31 00:00:00+00:00,1039.5854396873597,1042.2340949917302,1033.1737210768722,1036.7338471730184,17137.0
2013-06-01 00:00:00+00:00,1037.121780514945,1042.1096709327605,1029.0011066157792,1030.3896636661814,51771.0
2013-06-02 00:00:00+00:00,1031.2073876557336,1037.754234864123,1028.7234823449203,1031.5213789933982,32617.0
2013-06-03 00:00:00+00:00,1031.7201368426133,1037.9679400965756,1025.9435444067713,1028.0989510016825,12769.0
2013-06-04 00:00:00+00:00,1027.6449951807663,1029.021043555057,1021.8389434480016,1022.8153953342128,18011.0
2013-06-05 00:00:00+00:00,1022.2214317697251,1033.5940233826525,1020.2339459961308,1030.968517860855,31905.0
2013-06-06 00:00:00+00:00,1030.4817884034126,1035.330241587722,1027.3612712341164,1029.4748626169908,37981.0
2013-06-07 00:00:00+00:00,1029.0511818783186,1030.224771363383,1026.8588387849104,1028.3910046274946,54123.0
2013-06-08 00:00:00+00:00,1028.8458439929043,1032.1041174500929,1022.7252058696108,1027.3571154512895,49210.0
2013-06-09 00:00:00+00:00,1027.4690656295975,1036.2657234148505,1020.1752396055878,1032.2418129288833,25354.0
2013-06-10 00:00:00+00:00,1032.224623339609,1034.6999682723415,1030.4202631923363,1032.956306592475,42202.0
2013-06-11 00:00:00+00:00,1033.3098249810892,1036.6978276753457,1027.3622993367394,1033.1878540049804,34446.0
2013-06-12 00:00:00+00:00,1033.1894091981753,1035.0198274370123,1026.7779440411516,1028.7687964835432,58095.0
2013-06-13 00:00:00+00:00,1028.776986871435,1037.8489835636858,1027.4222132455898,1034.996491445968,11762.0
2013-06-14 00:00:00+00:00,1034.64305915582,1044.8347028725661,1032.1587868558217,1042.935440946771,13979.0
2013-06-15 00:00:00+00:00,1042.6701701006032,1047.1279347282423,1036.263582927525,1039.9566358780808,31165.0
2013-06-16 00:00:00+00:00,1039.9630589607214,1041.7612752450557,1034.1002890775273,1035.5526627816955,12341.0
2013-06-17 00:00:00+00:00,1035.0636525683274,1041.926232015499,1033.6643207755078,1039.51390445073,7881.0
2013-06-18 00:00:00+00:00,1040.1960157321946,1045.8855677746562,1039.0131690743679,1043.6718344442038,15697.0
2013-06-19 00:00:00+00:00,1043.7169642344934,1051.9940635499672,1040.1515248477317,1046.793339908804,53815.0
2013-06-20 00:00:00+00:00,1046.5580020680754,1049.4912179474989,1044.9439217559134,1047.7831455336702,37080.0
2013-06-21 00:00:00+00:00,1048.1843512286696,1052.786964468098,1044.4231680020443,1048.5145557415938,29510.0
2013-06-22 00:00:00+00:00,1048.0656056246128,1054.4307248247978,1043.8254147487169,1046.365357998655,40346.0
2013-06-23 00:00:00+00:00,1046.8004503121485,1054.2989772866747,1044.727793725242,1053.728881832167,8937.0
2013-06-24 00:00:00+00:00,1053.758088513909,1060.455631971092,1048.5191191322263,1056.6606605435716,44971.0
2013-06-25 00:00:00+00:00,1057.44713027207,1059.555977340652,1056.2695542214578,1058.4337138955425,17826.0
2013-06-26 00:00:00+00:00,1058.1952407204897,1062.0759771096486,1057.5014212043409,1060.616535439371,48488.0
2013-06-27 00:00:00+00:00,1060.4420811627763,1067.259605407071,1055.0981317472333,1063.8785623824397,48275.0
2013-06-28 00:00:00+00:00,1063.5138916694448,1068.3931946559974,1057.4020093760068,1062.9776861612572,29485.0
2013-06-29 00:00:00+00:00,1062.442290840191,1067.990063429581,1060.167379899205,1066.3481094841284,55466.0
2013-06-30 00:00:00+00:00,1066.4480220756843,1068.8488807204703,1065.4637337917113,1068.0591104274529,34786.0
2013-07-01 00:00:00+00:00,1067.601500205907,1070.6207385404762,1064.614401761258,1068.290815446562,56318.0
2013-07-02 00:00:00+00:00,1068.4198430106696,1070.0842099243673,1059.60725472359,1065.409662795091,55377.0
2013-07-03 00:00:00+00:00,1065.1311208207435,1071.7954209850197,1062.504673989252,1067.2495108779528,44405.0
2013-07-04 00:00:00+00:00,1067.6911275610792,1068.2241816943574,1066.536025181013,1067.4293484939271,44439.0
2013-07-05 00:00:00+00:00,1066.3362620459452,1072.1825491094505,1064.4425782400533,1069.954208440696,7766.0
2013-07-06 00:00:00+00:00,1070.1247645263861,1072.3959489033195,1064.0092611385146,1067.3039540138811,57343.0
2013-07-07 00:00:00+00:00,1067.3168613599594,1079.364453648198,1065.7474497923372,1078.3874355160758,42460.0
2013-07-08 00:00:00+00:00,1078.3804991491331,1091.1942067890407,1072.6123937777477,1086.0741072423243,20672.0
2013-07-09 00:00:00+00:00,1085.7924561691727,1089.3818293762122,1073.2410261336024,1075.627739400819,30887.0
2013-07-10 00:00:00+00:00,1076.3696821733033,1081.3516809672235,1072.2289756101836,1077.3369206605275,13857.0
2013-07-11 00:00:00+00:00,1077.1531128328509,1089.0548050562375,1074.8930424569992,1081.7283804234607,35479.0
2013-07-12 00:00:00+00:00,1081.9043491497114,1087.5953109918657,1075.2404429892586,1077.96215262146,43294.0
2013-07-13 00:00:00+00:00,1077.8414742169934,1096.7252652781474,1072.4150895233538,1092.424271298337,18496.0
2013-07-14 00:00:00+00:00,1092.2595826449378,1095.2241197739536,1089.689013355135,1091.4538000679995,55959.0
2013-07-15 00:00:00+00:00,1091.4842091978085,1093.0114120411101,1087.0781983987,1089.3368548246378,5449.0
2013-07-16 00:00:00+00:00,1089.622242273316,1103.7112313446012,1081.5139239987775,1097.1730969436978,41753.0
2013-07-17 00:00:00+00:00,1096.676801080153,1098.2515708520716,1085.3739005889963,1090.8363987994437,45352.0
2013-07-18 00:00:00+00:00,1090.6237647651694,1100.3098319202059,1085.3427605404681,1094.1195952388787,48429.0
2013-07-19 00:00:00+00:00,1093.4969461587132,1099.711746915826,1092.1789429008697,1097.1552674560817,31242.0
2013-07-20 00:00:00+00:00,1097.321281427221,1100.4741576199267,1093.8545398840981,1096.4015330016384,40335.0
2013-07-21 00:00:00+00:00,1096.0201879859267,1104.7566551699497,1091.9818010803292,1100.2138617799515,39350.0
2013-07-22 00:00:00+00:00,1099.8785767820648,1109.6553772626264,1097.92473649423,1107.638810864071,33158.0
2013-07-23 00:00:00+00:00,1107.917705955345,1110.586777298879,1100.6237001287084,1105.184691376735,43832.0
2013-07-24 00:00:00+00:00,1105.1707879099965,1109.7884042493704,1095.630254131705,1100.4363989334513,42811.0
2013-07-25 00:00:00+00:00,1100.605305776616,1111.1520108813538,1092.7769767028483,1102.9687510989445,15768.0
2013-07-26 00:00:00+00:00,1102.8982305968748,1105.30193483641,1098.0497544201899,1101.336750709357,16611.0
2013-07-27 00:00:00+00:00,1101.507656272154,1106.4490524289693,1080.8092001449554,1084.5126675780884,36894.0
2013-07-28 00:00:00+00:00,1084.5415443059032,1093.8678740942103,1074.374557768606,1091.32752550446,50568.0
2013-07-29 00:00:00+00:00,1090.833442025922,1105.803836691893,1087.5691334729408,1099.4884426528033,56626.0
2013-07-30 00:00:00+00:00,1099.5725443764275,1103.1784919101055,1089.4377881001328,1099.3574490350156,47937.0
2013-07-31 00:00:00+00:00,1099.1977076174885,1107.1106641893969,1090.5457768282363,1096.9061680532504,28627.0
2013-08-01 00:00:00+00:00,1096.7923798442869,1109.900894355885,1082.0385819359444,1097.839981668703,7936.0
2013-08-02 00:00:00+00:00,1097.9534732149955,1109.4829245262695,1075.8371990898015,1084.7812900299666,35240.0
2013-08-03 00:00:00+00:00,1084.534364364313,1090.4275092126863,1074.0509074967904,1079.9259525550292,57264.0
2013-08-04 00:00:00+00:00,1079.4607624389264,1082.4842421030028,1073.8958818266665,1080.6032929564428,22533.0
2013-08-05 00:00:00+00:00,1081.1042130712442,1091.013788613045,1074.3796934400627,1083.0686447678577,41739.0
2013-08-06 00:00:00+00:00,1083.8544692768573,1086.8082453958086,1081.1362301410556,1084.6299642225813,36702.0
2013-08-07 00:00:00+00:00,1084.4720639883858,1094.6462445653149,1073.931904723501,1090.972126316753,18544.0
2013-08-08 00:00:00+00:00,1091.4625007470886,1102.8968153953695,1087.6454895272502,1101.1746428399993,53520.0
2013-08-09 00:00:00+00:00,1101.3348849082108,1111.6594517601814,1099.0891224824582,1110.2206356921563,44880.0
2013-08-10 00:00:00+00:00,1109.9271600518248,1112.8998562299564,1106.8055967492726,1110.2982255861918,22886.0
2013-08-11 00:00:00+00:00,1109.9190821458806,1120.7758870278083,1107.057008995293,1116.2596304661965,18110.0
2013-08-12 00:00:00+00:00,1116.1255603817617,1119.834412390121,1099.5806882962936,1102.3972591780166,29581.0
2013-08-13 00:00:00+00:00,1102.199381216076,1109.45635968463,1098.0598912990342,1108.3747972863612,39576.0
2013-08-14 00:00:00+00:00,1108.2186723591701,1119.0101246774118,1103.1253621082146,1115.3640551852925,25993.0
2013-08-15 00:00:00+00:00,1115.2997154486504,1124.0699167828611,1108.6395534613087,1115.3439876453947,49956.0
2013-08-16 00:00:00+00:00,1114.8317631501636,1117.5992928805972,1100.0996298862817,1105.814048520557,52267.0
2013-08-17 00:00:00+00:00,1106.1862121696852,1116.1298416420836,1103.842420989092,1109.8562862693823,20391.0
2013-08-18 00:00:00+00:00,1109.346985654587,1115.514167693583,1105.1927286682348,1114.251617256411,12721.0
2013-08-19 00:00:00+00:00,1113.7673475790511,1123.201688271637,1109.4573672807535,1119.6812628581656,35353.0
2013-08-20 00:00:00+00:00,1120.0846824257897,1123.584531545444,1112.9175629515485,1118.7960212095513,20236.0
2013-08-21 00:00:00+00:00,1119.1261860786883,1121.2252160147327,1114.0367092524998,1115.7098612222032,52551.0
2013-08-22 00:00:00+00:00,1116.3482188541961,1121.008452242923,1112.542614633087,1114.5071763547703,34355.0
2013-08-23 00:00:00+00:00,1114.5585538382047,1117.7719234753683,1110.447381791812,1114.2281952164285,28093.0
2013-08-24 00:00:00+00:00,1113.932894267938,1122.8935579166052,1106.13722346592,1115.6069191455015,22243.0
2013-08-25 00:00:00+00:00,1116.1075542115707,1121.596743804183,1113.080371162244,1119.2780322102183,31793.0
2013-08-26 00:00:00+00:00,1119.2263037658306,1124.4060580151083,1117.5891085094731,1119.393895069696,13144.0
2013-08-27 00:00:00+00:00,1119.3292577787429,1130.7803575696284,1115.141587963158,1127.2087814910808,31073.0
2013-08-28 00:00:00+00:00,1126.8183642654283,1128.0774988800763,1118.0215300710913,1122.2732566234154,24111.0
2013-08-29 00:00:00+00:00,1122.4445336168524,1130.0100198505759,1116.9309477211857,1124.5147867289418,22148.0
2013-08-30 00:00:00+00:00,1123.4440224390728,1128.316263481347,1121.887648378868,1124.6970529576747,21082.0
2013-08-31 00:00:00+00:00,1124.9239641367178,1142.9634429394964,1118.8508305874536,1134.7482447902928,24664.0
2013-09-01 00:00:00+00:00,1133.8326249129184,1140.758617426541,1128.20288186447,1136.1810386561647,41353.0
2013-09-02 00:00:00+00:00,1136.5674817300367,1142.3235712001645,1120.6888550315587,1123.4219010754166,55682.0
2013-09-03 00:00:00+00:00,1122.7147126518744,1129.316248285003,1118.7468490650444,1122.827787729873,55509.0
2013-09-04 00:00:00+00:00,1123.1235274055573,1126.4594125141166,1107.4499454390755,1115.3563659063195,20068.0
2013-09-05 00:00:00+00:00,1116.4479893664397,1124.8401398546607,1113.7305842890419,1122.2907998960877,15770.0
2013-09-06 00:00:00+00:00,1122.1570254751132,1128.833797497481,1118.2789081871438,1124.5912947385334,56379.0
2013-09-07 00:00:00+00:00,1124.0584078494126,1127.2241887712382,1121.95293381927,1126.3799109862766,6412.0
2013-09-08 00:00:00+00:00,1127.2447191865606,1129.5217982356453,1121.8504405032054,1124.6197514996288,43577.0
2013-09-09 00:00:00+00:00,1124.41241973501,1127.634218839496,1120.158856420273,1122.2660290762867,37062.0
2013-09-10 00:00:00+00:00,1121.7577792987581,1125.8639621137459,1119.1874314690872,1122.931611600441,23862.0
2013-09-11 00:00:00+00:00,1123.4852793861903,1126.3695934625,1121.5529232278893,1125.0559364801704,9485.0
2013-09-12 00:00:00+00:00,1123.7686715350515,1129.770578992818,1121.571970013659,1128.5440080552344,15795.0
2013-09-13 00:00:00+00:00,1127.866135332823,1132.65209829328,1124.7627237595223,1126.406581509168,32280.0
2013-09-14 00:00:00+00:00,1125.8053808815341,1128.71584180555,1121.3826499244035,1124.2609712653841,12017.0
2013-09-15 00:00:00+00:00,1123.9397132236925,1126.2865659946237,1122.3917423695452,1125.4815487107062,17821.0
2013-09-16 00:00:00+00:00,1124.5618497789335,1131.7352293911879,1120.8328740141928,1130.4312129252264,10585.0
2013-09-17 00:00:00+00:00,1130.7937064450482,1140.3818336996258,1128.4008995687573,1139.3237172003883,22286.0
2013-09-18 00:00:00+00:00,1139.7801443584572,1142.5121311961661,1129.510901086565,1132.0035112661453,38887.0
2013-09-19 00:00:00+00:00,1131.9688480864215,1141.1775666031112,1129.7177968606013,1135.4062265039897,44171.0
2013-09-20 00:00:00+00:00,1135.2089814999686,1139.682198205914,1134.2210581978336,1138.7067939937463,42433.0
2013-09-21 00:00:00+00:00,1137.9856311103092,1143.8708898960547,1131.4661522720833,1140.2304078148345,38581.0
2013-09-22 00:00:00+00:00,1140.4342536342156,1143.374438540722,1138.5428798304554,1140.703224374832,40711.0
2013-09-23 00:00:00+00:00,1140.374207557882,1144.7309420978472,1136.7926616216077,1139.8763255233378,56467.0
2013-09-24 00:00:00+00:00,1140.1473100399076,1146.5754024173216,1138.297489624256,1143.8193727098471,22914.0
2013-09-25 00:00:00+00:00,1144.2762589686317,1145.6437658298503,1139.6208284213626,1140.1321192222322,46271.0
2013-09-26 00:00:00+00:00,1140.1437530886653,1142.4307786585373,1134.5894301420838,1135.9475915001976,29640.0
2013-09-27 00:00:00+00:00,1134.9782584064124,1144.8316031686577,1131.3620827553548,1140.518750270131,34430.0
2013-09-28 00:00:00+00:00,1140.0822353304181,1154.4073904072968,1138.9435304922295,1152.2684540773168,18569.0
2013-09-29 00:00:00+00:00,1152.8878931383963,1158.4334496070437,1147.0366305237146,1152.6686761129038,19949.0
2013-09-30 00:00:00+00:00,1152.7861952603375,1161.6808508685288,1152.1184081470187,1160.527280251414,53723.0
2013-10-01 00:00:00+00:00,1161.1773282804693,1167.9806866285946,1157.6526844980735,1165.0961498864337,33980.0
2013-10-02 00:00:00+00:00,1164.045514531011,1173.4069678237424,1162.0223820065144,1168.5856837419547,43525.0
2013-10-03 00:00:00+00:00,1168.5238526604737,1173.2855674070177,1165.5973251554724,1170.5279521411449,45219.0
2013-10-04 00:00:00+00:00,1170.436388115406,1173.0519703173652,1164.9338507935972,1167.4689688325375,9824.0
2013-10-05 00:00:00+00:00,1166.7011400485867,1173.2154261288165,1156.0752087858318,1161.3496392732163,8704.0
2013-10-06 00:00:00+00:00,1161.041268001478,1166.8725422503344,1158.8924172235204,1162.6565790350207,19646.0
2013-10-07 00:00:00+00:00,1163.102364460601,1172.6172093684054,1156.0233231126372,1165.8220571381935,57891.0
2013-10-08 00:00:00+00:00,1166.06560561357,1169.4105327364464,1158.579553202297,1162.707568772361,19945.0
2013-10-09 00:00:00+00:00,1162.449724598694,1165.5405380933778,1161.225534958064,1163.299268620488,56239.0
2013-10-10 00:00:00+00:00,1163.4423235181614,1172.2823659261226,1155.8811637105619,1169.353934495838,5310.0
2013-10-11 00:00:00+00:00,1169.902687783756,1172.954777125494,1164.1426032334941,1165.3355346307403,30083.0
2013-10-12 00:00:00+00:00,1164.8236431073497,1168.0136581595464,1160.4250120042839,1164.845080392289,8279.0
2013-10-13 00:00:00+00:00,1164.9728534771525,1169.1063446561275,1157.1192384571502,1160.753995900487,33452.0
2013-10-14 00:00:00+00:00,1161.2300815518681,1165.315661005277,1155.7579773024468,1158.5426084988278,8301.0
2013-10-15 00:00:00+00:00,1158.214874978092,1162.9617780020303,1142.659967057643,1148.314654093855,5691.0
2013-10-16 00:00:00+00:00,1148.9044578088117,1152.828090181146,1146.0884245814639,1150.6711004608017,44734.0
2013-10-17 00:00:00+00:00,1150.6214016471788,1158.4769497343075,1147.4229693458824,1149.931956391775,5709.0
2013-10-18 00:00:00+00:00,1150.434246887291,1154.4051041761043,1140.608390182585,1145.1489893210332,47734.0
2013-10-19 00:00:00+00:00,1145.564062415529,1150.9502604828092,1136.5168468814056,1142.8127933189535,18317.0
2013-10-20 00:00:00+00:00,1142.925753654808,1143.9626676568475,1138.2560116333434,1139.3313534966246,49409.0
2013-10-21 00:00:00+00:00,1139.19063278751,1144.8079512999298,1136.2725098166036,1142.9930476119282,40844.0
2013-10-22 00:00:00+00:00,1142.6855132452106,1145.5063393121932,1136.9948981386513,1138.4652739236274,29181.0
2013-10-23 00:00:00+00:00,1138.535048831964,1143.2664953079159,1135.395808027459,1141.5981549096039,11926.0
2013-10-24 00:00:00+00:00,1141.6868911198214,1144.0884385483664,1133.0550469067398,1137.4572518296427,28610.0
2013-10-25 00:00:00+00:00,1138.0887655371425,1150.0245706972987,1135.411844365343,1141.3025135359742,58557.0
2013-10-26 00:00:00+00:00,1141.2558485204354,1151.4890692698207,1135.1872267309282,1144.9303112389432,11779.0
2013-10-27 00:00:00+00:00,1145.0847030941366,1152.6377311860479,1137.3712532721065,1146.1048407472463,55763.0
2013-10-28 00:00:00+00:00,1146.8703958591286,1156.4543448142742,1143.1408118967067,1150.0647774282675,38089.0
2013-10-29 00:00:00+00:00,1150.2065548452706,1153.463885788188,1141.1884343745282,1146.1489896419557,40807.0
2013-10-30 00:00:00+00:00,1146.351555893041,1154.0239746362902,1138.9962923247667,1150.8783137809378,48522.0
2013-10-31 00:00:00+00:00,1151.6120867233699,1160.4983045339038,1144.5765652875457,1154.224128680205,19048.0
2013-11-01 00:00:00+00:00,1154.2593770083636,1161.628510787278,1146.2810351901858,1155.9316465814154,53222.0
2013-11-02 00:00:00+00:00,1156.109466721033,1160.6792941295125,1142.371640401012,1148.3317685832058,59301.0
2013-11-03 00:00:00+00:00,1148.6720334891245,1153.578861232368,1145.1658113608494,1146.993426961698,39394.0
2013-11-04 00:00:00+00:00,1146.932886776498,1157.0593764585,1141.8941041095934,1148.9659580324915,18616.0
2013-11-05 00:00:00+00:00,1148.447440084807,1158.6226889471918,1135.6101886697734,1142.1908346906825,51751.0
2013-11-06 00:00:00+00:00,1141.515706076715,1145.208338140095,1137.0051930735751,1139.0681626169464,31750.0
2013-11-07 00:00:00+00:00,1138.9691182411325,1145.923860663633,1135.779078449228,1142.457672610765,48085.0
2013-11-08 00:00:00+00:00,1142.9649184952254,1146.134084647146,1138.7564982620572,1142.253052067243,56907.0
2013-11-09 00:00:00+00:00,1142.7013059975961,1150.2361147483446,1137.7527340442684,1148.103625423715,32392.0
2013-11-10 00:00:00+00:00,1148.8452381433547,1151.637272504242,1141.986845460756,1147.154981177998,23234.0
2013-11-11 00:00:00+00:00,1147.5640097281246,1152.5659825585285,1141.0346109658444,1146.5625367966998,15855.0
2013-11-12 00:00:00+00:00,1146.2583086099173,1150.7532956034813,1136.6537371465329,1138.797905456038,24231.0
2013-11-13 00:00:00+00:00,1138.1283401703226,1140.8213015366327,1128.1216043383924,1133.727408644126,42987.0
2013-11-14 00:00:00+00:00,1133.4865048782426,1137.432531607155,1125.9442369537053,1131.7825067086237,58784.0
2013-11-15 00:00:00+00:00,1131.6557301635273,1147.5485854080803,1125.442401589763,1139.3061457082372,10863.0
2013-11-16 00:00:00+00:00,1138.9608323033028,1145.1985648210632,1122.6446408337,1130.76908665813,44412.0
2013-11-17 00:00:00+00:00,1131.1793422303358,1132.2035582616084,1128.293101245496,1129.1426363244314,58382.0
2013-11-18 00:00:00+00:00,1128.7780118920682,1149.6889626437535,1125.6581096926636,1139.865281551669,21259.0
2013-11-19 00:00:00+00:00,1140.1229183945409,1142.9353344658905,1136.945701742498,1139.7008432451169,37817.0
2013-11-20 00:00:00+00:00,1140.0503138364322,1149.281363366253,1136.8184647973742,1143.6118186846354,12405.0
2013-11-21 00:00:00+00:00,1142.8088987307597,1150.4824215935166,1137.6802496336888,1143.5394870408884,40028.0
2013-11-22 00:00:00+00:00,1143.3390310558827,1150.8217324025286,1130.0870989427015,1136.5094329999606,9515.0
2013-11-23 00:00:00+00:00,1137.0734039182278,1147.909838717471,1134.2234103982264,1143.5305973081217,27991.0
2013-11-24 00:00:00+00:00,1143.9094062470906,1158.6005285462818,1133.5296964209247,1155.52004389663,17115.0
2013-11-25 00:00:00+00:00,1155.5692133605066,1160.6147337531756,1144.1208068071635,1149.5514537013512,38271.0
2013-11-26 00:00:00+00:00,1149.0351049472208,1158.3988892756895,1136.3647276608735,1141.1651896959668,29584.0
2013-11-27 00:00:00+00:00,1140.8375132214935,1142.5711404848098,1129.7279946179747,1133.8296735853878,57827.0
2013-11-28 00:00:00+00:00,1133.86214536169,1141.5952713085603,1130.8650689961835,1135.7512744503663,44633.0
2013-11-29 00:00:00+00:00,1136.3169819013733,1142.1759506976928,1117.536676942946,1123.7755696499107,25094.0
2013-11-30 00:00:00+00:00,1123.9899222919228,1129.2003719018248,1114.7701396124687,1125.391676914665,11685.0
2013-12-01 00:00:00+00:00,1125.3454531754478,1129.5817713965532,1111.0750947047977,1119.4168312458976,55973.0
2013-12-02 00:00:00+00:00,1119.5142622246453,1129.3502313171261,1113.3514004697806,1122.849070888789,25899.0
2013-12-03 00:00:00+00:00,1123.1912932756923,1134.7205928032204,1116.1064755416778,1126.6036612470068,26908.0
2013-12-04 00:00:00+00:00,1125.8067730383618,1131.401005344289,1121.8224573057425,1125.9257705471693,59427.0
2013-12-05 00:00:00+00:00,1125.4728216178871,1128.0435327691926,1112.9230334139827,1121.4025697018742,25415.0
2013-12-06 00:00:00+00:00,1121.4091255278233,1126.9922186410224,1108.7042037325493,1114.1735201768777,5328.0
2013-12-07 00:00:00+00:00,1114.7049427200104,1123.2583266567588,1108.6580118556903,1111.5942395815682,53333.0
2013-12-08 00:00:00+00:00,1112.0666983116469,1115.1226485234602,1102.9678856861292,1111.5683327442473,54803.0
2013-12-09 00:00:00+00:00,1111.2144683787574,1116.5809886810318,1107.3175838432467,1112.618841448781,21847.0
2013-12-10 00:00:00+00:00,1112.6222148443633,1122.9151314252215,1102.1265475368757,1119.171929168787,31526.0
2013-12-11 00:00:00+00:00,1118.8329150240686,1135.8040093837233,1114.8351783141588,1128.0372520252508,37563.0
2013-12-12 00:00:00+00:00,1127.8534672525557,1130.51542314728,1109.6039744868933,1112.4137618518987,43986.0
2013-12-13 00:00:00+00:00,1112.4702443563842,1124.6158757091541,1111.2139664893828,1118.6586325369221,19111.0
2013-12-14 00:00:00+00:00,1118.4890221704823,1142.7024012965755,1113.8314188566228,1133.3153700076862,16550.0
2013-12-15 00:00:00+00:00,1133.0545282411745,1155.7394235049876,1127.6305053572223,1146.6899360397445,43678.0
2013-12-16 00:00:00+00:00,1146.1479332762215,1151.7468330737609,1134.2585346927278,1138.8288621845502,37866.0
2013-12-17 00:00:00+00:00,1138.0993057859941,1144.9998923740225,1124.5396870735215,1127.4988884658978,16616.0
2013-12-18 00:00:00+00:00,1127.4040307614393,1132.4753364745652,1124.5965711303074,1130.458547839997,26628.0
2013-12-19 00:00:00+00:00,1130.5369340451314,1142.6510650286382,1121.553540378432,1125.5888506663437,58836.0
2013-12-20 00:00:00+00:00,1125.8582557140467,1141.5578859396358,1119.6789230102045,1128.4885386726726,13605.0
2013-12-21 00:00:00+00:00,1128.1113913967783,1136.1930061428668,1122.8108312622708,1127.6327296665384,6282.0
2013-12-22 00:00:00+00:00,1127.2984567538495,1135.9643027048419,1113.9817982583183,1121.9298315137785,40192.0
2013-12-23 00:00:00+00:00,1122.4873425287824,1127.0658319882316,1116.1057895867207,1122.0344497793208,10036.0
2013-12-24 00:00:00+00:00,1122.2123651316751,1137.9502214295696,1117.2112407568443,1132.8792263813414,23369.0
2013-12-25 00:00:00+00:00,1133.2710430562925,1144.4778257852188,1127.9348552055992,1137.3727665786016,32553.0
2013-12-26 00:00:00+00:00,1137.105782038932,1151.6977101135205,1131.6705448164948,1147.1073034701678,12596.0
2013-12-27 00:00:00+00:00,1146.7708831768148,1152.3417659024997,1137.8377124322801,1143.6654235234905,6291.0
2013-12-28 00:00:00+00:00,1143.1306118792304,1146.5159619742512,1132.162649084102,1140.0795868626487,34678.0
2013-12-29 00:00:00+00:00,1140.521987009486,1145.701219379822,1136.5949877820633,1141.8624217328638,58094.0
2013-12-30 00:00:00+00:00,1141.3355238066133,1146.8992550120477,1124.3014530872726,1128.5247310806726,33524.0
2013-12-31 00:00:00+00:00,1127.735850553075,1139.7690982828801,1107.6275835446577,1119.9557390656732,59568.0
2014-01-01 00:00:00+00:00,1119.6121243619316,1134.3314264625412,1095.3666075903254,1110.5555648138425,11024.0
2014-01-02 00:00:00+00:00,1111.108184669547,1114.4397259180237,1103.0027972789005,1107.2827284347236,25660.0
2014-01-03 00:00:00+00:00,1107.286217601543,1117.654017614128,1103.048305223638,1110.5024932252566,7745.0
2014-01-04 00:00:00+00:00,1110.597523780157,1113.6159325887863,1100.8687296456421,1104.3862255800316,15119.0
2014-01-05 00:00:00+00:00,1104.4289569246737,1116.7658994565688,1097.7355451271621,1110.2184870092494,57762.0
2014-01-06 00:00:00+00:00,1110.1895056460767,1134.131954649237,1108.3946516522572,1127.5577836745445,49461.0
2014-01-07 00:00:00+00:00,1127.4734461582757,1133.1987931423243,1124.2314459362335,1129.9460622766858,10509.0
2014-01-08 00:00:00+00:00,1129.3041735478648,1140.3529508821575,1118.734392519309,1128.0791586447367,30094.0
2014-01-09 00:00:00+00:00,1128.819389616858,1137.9227607237501,1124.07874496275,1135.5144293019637,21444.0
2014-01-10 00:00:00+00:00,1135.4362775345303,1140.2944354770634,1133.9119288062902,1135.458677866106,29062.0
2014-01-11 00:00:00+00:00,1135.9992411589362,1142.7864269130055,1090.212581365812,1096.1207800357668,34523.0
2014-01-12 00:00:00+00:00,1095.4283476943392,1100.6948741863844,1087.7355872372,1095.1308819462176,8029.0
2014-01-13 00:00:00+00:00,1095.3587252687507,1105.8668650471284,1091.3614659190007,1102.4493516750422,35833.0
2014-01-14 00:00:00+00:00,1101.921149151675,1117.0307967157805,1097.70523464203,1111.2340907346954,32323.0
2014-01-15 00:00:00+00:00,1110.6520424010823,1122.0302173443808,1104.759467447113,1114.7273046927878,56956.0
2014-01-16 00:00:00+00:00,1114.83679612481,1116.6257333908936,1108.6822164461128,1111.0679603117167,40033.0
2014-01-17 00:00:00+00:00,1111.5159993667864,1127.7433455208832,1100.4378589320352,1115.539689931191,40461.0
2014-01-18 00:00:00+00:00,1116.1396021828032,1129.5534404963742,1109.092937452118,1120.610136258957,15998.0
2014-01-19 00:00:00+00:00,1121.1963444394735,1135.7590285259998,1119.0471786491323,1130.6950166972895,16722.0
2014-01-20 00:00:00+00:00,1130.5633296731678,1134.9507430583612,1126.9225792149473,1133.1716566448974,15918.0
2014-01-21 00:00:00+00:00,1133.5174429027816,1138.6563902593186,1110.3723943210637,1120.5069154113432,14777.0
2014-01-22 00:00:00+00:00,1120.2304950884,1127.6229285920647,1118.0275323550854,1125.8098740798791,32072.0
2014-01-23 00:00:00+00:00,1125.5579979679067,1128.3169765310931,1120.502316196532,1121.414102561916,26837.0
2014-01-24 00:00:00+00:00,1121.5140948318615,1128.394096377267,1105.2956245234286,1115.2737297114902,5410.0
2014-01-25 00:00:00+00:00,1115.2122451750815,1138.9491823355215,1107.930340196848,1127.3559555594368,9065.0
2014-01-26 00:00:00+00:00,1127.7287651545041,1142.1564514587267,1125.7642445322715,1138.4522039683013,25891.0
2014-01-27 00:00:00+00:00,1137.6108438813346,1145.1546253821934,1124.7758382299967,1138.1686776984957,59270.0
2014-01-28 00:00:00+00:00,1138.675641473268,1146.0499873844572,1136.5913677503534,1140.7338370804057,35959.0
2014-01-29 00:00:00+00:00,1140.4601297095169,1146.199029657731,1138.5392958878722,1140.3247305529694,52634.0
2014-01-30 00:00:00+00:00,1140.987806745049,1163.4080166134486,1137.8857133321344,1155.527882766464,56611.0
2014-01-31 00:00:00+00:00,1156.0463665191999,1162.7447075739158,1152.3879083858264,1155.0770119889894,51405.0
2014-02-01 00:00:00+00:00,1154.5373949322802,1161.419391745509,1151.1217820602608,1158.8439148098098,34493.0
2014-02-02 00:00:00+00:00,1158.8119474475245,1164.9139383747768,1151.3424046903826,1159.6452014452161,6079.0
2014-02-03 00:00:00+00:00,1159.950101575175,1163.314126233486,1145.807123370125,1147.8006141778985,30794.0
2014-02-04 00:00:00+00:00,1147.4292333329206,1149.1492976427419,1136.9666214019717,1142.8404050044662,51311.0
2014-02-05 00:00:00+00:00,1142.4940036115918,1155.532875733008,1138.8901464371847,1150.5318413130165,8943.0
2014-02-06 00:00:00+00:00,1150.3835364628817,1153.2673949481264,1139.8286604395391,1141.629819198164,14215.0
2014-02-07 00:00:00+00:00,1141.9607278160345,1148.3495784831246,1127.7157819036684,1132.4458600158669,34460.0
2014-02-08 00:00:00+00:00,1132.8476594003582,1140.4248400974036,1124.3017060431498,1131.0274614413813,16320.0
2014-02-09 00:00:00+00:00,1130.8290148957296,1142.2779362707647,1128.0084437980697,1141.2606531274055,20201.0
2014-02-10 00:00:00+00:00,1141.6296042189292,1159.4885148823619,1138.7503140110593,1153.9404158388172,57719.0
2014-02-11 00:00:00+00:00,1154.6102101775798,1155.4654668675112,1141.425263134858,1143.0127848161464,28363.0
2014-02-12 00:00:00+00:00,1143.4241938250914,1149.7205743563604,1135.319335969393,1139.0321885617923,24348.0
2014-02-13 00:00:00+00:00,1138.691955970939,1141.087619077091,1129.8426957904167,1138.3141967114254,9322.0
2014-02-14 00:00:00+00:00,1137.9250671813033,1138.8498623010207,1130.8022509947718,1132.3003953575385,42373.0
2014-02-15 00:00:00+00:00,1132.4217353166132,1136.3256713299324,1128.6506836099043,1131.3559859902612,30609.0
2014-02-16 00:00:00+00:00,1131.7190242502595,1141.6415554775583,1122.851771729295,1127.6006276960286,19228.0
2014-02-17 00:00:00+00:00,1127.786172222059,1129.5096886642282,1122.4057329758639,1124.347824217135,36248.0
2014-02-18 00:00:00+00:00,1124.168426389853,1135.3408178142654,1114.396037627105,1133.2565529921199,19635.0
2014-02-19 00:00:00+00:00,1132.8306686276194,1149.914802371497,1128.7115636297694,1145.6469539236568,27162.0
2014-02-20 00:00:00+00:00,1146.2193140563795,1148.806845960673,1137.4634117069227,1142.0388826818673,50238.0
2014-02-21 00:00:00+00:00,1141.9644210022566,1150.6706348525981,1130.9457340647552,1147.1700795685717,50846.0
2014-02-22 00:00:00+00:00,1148.0155599089487,1149.5451648140177,1137.6401768318433,1142.6768935954547,56339.0
2014-02-23 00:00:00+00:00,1142.1489651851853,1163.018002892354,1131.3996739467466,1152.138428647839,22371.0
2014-02-24 00:00:00+00:00,1151.9804009986337,1159.2838461304084,1143.2884595729904,1148.1435837471222,29804.0
2014-02-25 00:00:00+00:00,1147.844489641881,1160.1284455279824,1144.00274555278,1156.8864240144926,31928.0
2014-02-26 00:00:00+00:00,1157.7291141521268,1176.4895317490884,1153.393831711583,1167.9110729017814,39172.0
2014-02-27 00:00:00+00:00,1168.4800787577512,1172.4883572735232,1164.0563335876902,1168.1114680705064,41957.0
2014-02-28 00:00:00+00:00,1167.876021892968,1170.7780581309455,1157.5951702398465,1159.7933576988803,5001.0
2014-03-01 00:00:00+00:00,1158.8984764524746,1171.746733793718,1146.455549211026,1162.1045269078513,55758.0
2014-03-02 00:00:00+00:00,1162.6322833456773,1166.6147401236767,1155.0414581831226,1157.8927750743521,5077.0
2014-03-03 00:00:00+00:00,1157.9479555703235,1160.658070059325,1141.9727479259852,1142.8546862642647,9240.0
2014-03-04 00:00:00+00:00,1142.3371447745728,1157.985709939108,1133.4544076983318,1152.4396526615196,48578.0
2014-03-05 00:00:00+00:00,1151.7463693817474,1162.708779072477,1144.3197131204834,1156.094316573656,32765.0
2014-03-06 00:00:00+00:00,1156.273827145346,1176.447384875998,1152.3938906510355,1168.823201712758,9693.0
2014-03-07 00:00:00+00:00,1168.7231304682018,1214.9375492941222,1156.3500770581768,1203.0446360900448,21708.0
2014-03-08 00:00:00+00:00,1203.1091339466018,1207.3046136005407,1197.117256277195,1205.2371313688416,56413.0
2014-03-09 00:00:00+00:00,1205.4220918040696,1206.4569896781984,1196.6649410918671,1200.4003225438498,5199.0
2014-03-10 00:00:00+00:00,1200.2192899833017,1208.275940409936,1193.7656748245254,1205.0669089979924,53547.0
2014-03-11 00:00:00+00:00,1204.9319453974915,1207.4855599131,1200.0591934966264,1202.002327693435,53937.0
2014-03-12 00:00:00+00:00,1202.3135626391772,1207.4515147030133,1198.5450422666097,1201.4840166199115,49248.0
2014-03-13 00:00:00+00:00,1201.4273962620998,1205.5659188132765,1184.1476777290588,1189.1263043545375,33881.0
2014-03-14 00:00:00+00:00,1188.9912845320146,1193.5252616991377,1174.737891431807,1178.2766697761047,56079.0
2014-03-15 00:00:00+00:00,1178.5725009591276,1185.9346772379856,1174.589385271113,1183.0521078881634,32078.0
2014-03-16 00:00:00+00:00,1182.118430664664,1187.7856968031308,1177.7942715368501,1182.9947213709597,44317.0
2014-03-17 00:00:00+00:00,1183.5754954933172,1190.0172738472997,1178.5859691084793,1181.6855490118055,21887.0
2014-03-18 00:00:00+00:00,1181.891327806877,1197.0619147234809,1177.7220146561344,1187.9577964431387,23093.0
2014-03-19 00:00:00+00:00,1187.5934609413189,1189.7059157204815,1182.639067318981,1183.4863975692174,19202.0
2014-03-20 00:00:00+00:00,1183.4004187911132,1189.466480584084,1175.5336902776426,1179.502717155802,7004.0
2014-03-21 00:00:00+00:00,1180.075655965457,1182.2805624860903,1176.326963238762,1181.0463054706643,36435.0
2014-03-22 00:00:00+00:00,1181.303291283193,1191.7105247700572,1179.4700016578122,1184.6422496842536,46372.0
2014-03-23 00:00:00+00:00,1183.80226888102,1188.8755343265816,1176.0516789229257,1186.1066192311682,46638.0
2014-03-24 00:00:00+00:00,1185.625796726566,1189.2698174183624,1172.9888229264495,1176.6893344722357,5354.0
2014-03-25 00:00:00+00:00,1176.772512602274,1184.7434627962648,1174.1146005970936,1180.5320084954694,23966.0
2014-03-26 00:00:00+00:00,1181.3672030169423,1185.2433767390114,1180.241654413771,1181.2600083879952,57724.0
2014-03-27 00:00:00+00:00,1181.6165973725058,1186.6782433912324,1172.5560315549087,1177.4095151704091,57637.0
2014-03-28 00:00:00+00:00,1177.3153873899103,1183.622934046621,1175.7805771933063,1178.8408974492345,20948.0
2014-03-29 00:00:00+00:00,1179.110205292622,1185.9192347476205,1172.8339393140068,1180.554329618679,39278.0
2014-03-30 00:00:00+00:00,1180.5604964581948,1181.6290398345184,1177.6183181589424,1179.0748196959712,27139.0
2014-03-31 00:00:00+00:00,1178.9319508157182,1189.3592261049814,1171.4411510749308,1187.1558563016913,27317.0
2014-04-01 00:00:00+00:00,1187.334581231065,1190.3614860534924,1185.8436505250431,1187.9315340676796,16860.0
2014-04-02 00:00:00+00:00,1186.9220428855228,1198.6145008281926,1181.3614944610079,1194.7779351782074,12220.0
2014-04-03 00:00:00+00:00,1195.25660282019,1197.7846396982313,1185.667815793251,1189.3895159683195,48460.0
2014-04-04 00:00:00+00:00,1189.6422548383894,1197.5984136975212,1185.0111605861248,1189.9857310546936,47000.0
2014-04-05 00:00:00+00:00,1189.7771991270076,1202.4871661492168,1181.644174199741,1193.5816215921911,57395.0
2014-04-06 00:00:00+00:00,1193.1757981480466,1197.472054854124,1179.0653028277131,1186.6778961561542,49148.0
2014-04-07 00:00:00+00:00,1186.1090576996226,1191.485895606123,1172.3710923110668,1174.1582341531584,57300.0
2014-04-08 00:00:00+00:00,1174.2846970153294,1181.3514439656212,1163.8306729734836,1169.3854131346573,13300.0
2014-04-09 00:00:00+00:00,1169.4539713232323,1172.9332919144897,1166.5471385024046,1170.2908507831557,40008.0
2014-04-10 00:00:00+00:00,1170.3726187394752,1172.130640644114,1166.1724765341387,1170.201829813917,59486.0
2014-04-11 00:00:00+00:00,1170.9964163792363,1174.8520265929144,1156.3310109726865,1161.0343430443295,31550.0
2014-04-12 00:00:00+00:00,1160.0198669881026,1164.4178536673332,1157.9952181924077,1162.256240793623,27015.0
2014-04-13 00:00:00+00:00,1161.9236091863788,1165.0919534909424,1159.787866519753,1162.3299538938438,51473.0
2014-04-14 00:00:00+00:00,1161.9730207292457,1167.0240727510516,1157.1695030352562,1164.5798792419628,30615.0
2014-04-15 00:00:00+00:00,1165.0176754090253,1166.789213286793,1155.9547135822047,1161.617142146291,34195.0
2014-04-16 00:00:00+00:00,1161.501224286521,1162.6207643957987,1157.7268590396716,1158.735104956452,46105.0
2014-04-17 00:00:00+00:00,1158.301626178158,1160.583065588321,1157.5257767291803,1158.4052657005982,53519.0
2014-04-18 00:00:00+00:00,1158.500767609299,1162.893315304754,1156.5923401835794,1160.251919998535,56643.0
2014-04-19 00:00:00+00:00,1160.4389079929908,1165.9629024300118,1154.1859055255075,1157.2115765744195,38978.0
2014-04-20 00:00:00+00:00,1157.9516658049113,1159.4922093916905,1156.3412500829106,1158.0833928678496,31311.0
2014-04-21 00:00:00+00:00,1158.2003679395868,1160.0780316326789,1155.312434887625,1158.3267779584846,51859.0
2014-04-22 00:00:00+00:00,1158.1247745212934,1165.7394902188557,1151.39646318075,1160.572220234445,11918.0
2014-04-23 00:00:00+00:00,1160.3409335839272,1160.9698408835707,1156.6375956676031,1157.3874177163357,50261.0
2014-04-24 00:00:00+00:00,1157.0144335081907,1160.8870081544271,1155.3058938706918,1159.320375288001,7843.0
2014-04-25 00:00:00+00:00,1159.5451067947486,1160.6023305788467,1157.3913714544137,1159.5477202371299,27017.0
2014-04-26 00:00:00+00:00,1159.9238735667643,1165.1200474391828,1155.9392748765617,1161.436297277641,34619.0
2014-04-27 00:00:00+00:00,1161.332151753185,1166.48592834443,1158.0920517157238,1164.0846254216842,12715.0
2014-04-28 00:00:00+00:00,1164.0223493672033,1167.2241828372,1159.2639247198406,1165.079318066683,34844.0
2014-04-29 00:00:00+00:00,1165.7168926741701,1169.917823015605,1163.940296454988,1167.6104655684185,30658.0
2014-04-30 00:00:00+00:00,1167.6573709005554,1169.9443257241592,1160.4369077849326,1163.0776387042654,17518.0
2014-05-01 00:00:00+00:00,1163.307778847044,1166.5846158627671,1155.8175453276672,1160.1352470721329,8182.0
2014-05-02 00:00:00+00:00,1159.6360806006398,1166.5613947943805,1158.303679872748,1164.0966980179992,35348.0
2014-05-03 00:00:00+00:00,1163.817463561631,1166.607452098733,1161.8646560778711,1164.2785294404255,30064.0
2014-05-04 00:00:00+00:00,1163.2919275325437,1171.1155681807159,1159.1399510502501,1168.273577060097,50415.0
2014-05-05 00:00:00+00:00,1167.6402358498674,1177.172359177057,1164.302643907215,1170.9800836557108,30910.0
2014-05-06 00:00:00+00:00,1171.1513808932023,1177.2718170784433,1167.4896305426776,1172.1201487132334,38606.0
2014-05-07 00:00:00+00:00,1172.7001080257755,1175.394480157763,1167.69385585579,1169.6690719355915,54721.0
2014-05-08 00:00:00+00:00,1169.5454683479213,1174.237914553261,1162.9484559814207,1168.3545757095862,25549.0
2014-05-09 00:00:00+00:00,1167.8016523533108,1174.8224494373435,1164.9505298808547,1172.1424546268497,38893.0
2014-05-10 00:00:00+00:00,1172.185975312814,1181.1867161795417,1168.7594457318594,1176.743300800408,50652.0
2014-05-11 00:00:00+00:00,1177.2778522915103,1182.0778730446618,1174.9539504513907,1179.028439866822,32614.0
2014-05-12 00:00:00+00:00,1178.9523116552966,1180.9890669751594,1172.933853364775,1177.8856100181965,53591.0
2014-05-13 00:00:00+00:00,1178.3154313928187,1180.2068659788504,1176.4404739474576,1177.8894214142322,29722.0
2014-05-14 00:00:00+00:00,1177.8602976119003,1183.2919126347683,1176.9298115920626,1181.154870846828,21100.0
2014-05-15 00:00:00+00:00,1180.5783269689928,1184.0381490168882,1179.0484100949611,1182.87315662422,55143.0
2014-05-16 00:00:00+00:00,1182.448032865554,1199.1677544368417,1179.9026916199193,1194.0402026565444,45709.0
2014-05-17 00:00:00+00:00,1193.9193088764457,1200.258957323998,1189.7844326585773,1193.0182335240584,5397.0
2014-05-18 00:00:00+00:00,1194.0984940294381,1200.1483859814705,1191.8929522846277,1197.8558982442016,28523.0
2014-05-19 00:00:00+00:00,1198.1342114559884,1201.5724297009763,1194.9421031965842,1197.6113958812184,51484.0
2014-05-20 00:00:00+00:00,1197.4986840692866,1198.9411672556457,1194.1605401653774,1195.7843875115573,19621.0
2014-05-21 00:00:00+00:00,1195.9225846083789,1197.5569540206654,1190.9609535194286,1193.8222100379726,31609.0
2014-05-22 00:00:00+00:00,1193.9234439426737,1199.6409871642174,1192.4115778099167,1197.224988430947,46637.0
2014-05-23 00:00:00+00:00,1197.0152717348692,1200.9653052100064,1193.801837584661,1198.3835819984852,31509.0
2014-05-24 00:00:00+00:00,1198.3341706705935,1199.0091642756765,1196.6035199624798,1198.5521259433735,11192.0
2014-05-25 00:00:00+00:00,1198.4317634831382,1200.1138377455318,1198.048635979998,1198.8271705644318,19189.0
2014-05-26 00:00:00+00:00,1199.1806704424394,1200.7504166383058,1197.1509418741089,1198.0223928136945,14480.0
2014-05-27 00:00:00+00:00,1198.764270886386,1201.3415774840437,1197.7441750214468,1199.182109583856,30982.0
2014-05-28 00:00:00+00:00,1199.8144542672537,1200.4380387260212,1195.6460176329435,1197.750595259648,38935.0
2014-05-29 00:00:00+00:00,1197.5999494895284,1199.0351037325147,1192.7447847794922,1193.1546805253051,9760.0
2014-05-30 00:00:00+00:00,1193.4174245790966,1196.493845083195,1191.474837225292,1193.8789741725982,10433.0
2014-05-31 00:00:00+00:00,1193.5366633672402,1200.3826496785853,1190.1476574364278,1196.0786884516256,52569.0
2014-06-01 00:00:00+00:00,1195.561089033781,1200.7837998000127,1193.6284991745274,1197.3945272548738,34240.0
2014-06-02 00:00:00+00:00,1197.4313475073131,1205.7430664135984,1191.1805586645319,1202.114309327122,40516.0
2014-06-03 00:00:00+00:00,1202.4055790881125,1208.218481594909,1194.8307972143818,1197.9057209765617,6070.0
2014-06-04 00:00:00+00:00,1197.8768534219846,1200.1597372376443,1196.1104293716103,1197.6898588631113,58172.0
2014-06-05 00:00:00+00:00,1198.084124656172,1202.4847530585841,1194.7210946785194,1196.1727750430832,26528.0
2014-06-06 00:00:00+00:00,1196.566746896602,1198.2331499922677,1191.5409900449806,1193.7135712579195,46661.0
2014-06-07 00:00:00+00:00,1194.073141101048,1197.518590081306,1191.9984500754363,1194.3470864266621,38799.0
2014-06-08 00:00:00+00:00,1194.2751447895475,1200.29988676643,1192.9815083405317,1198.7492723700045,20689.0
2014-06-09 00:00:00+00:00,1198.1033663445533,1202.4842578735584,1196.6091031903109,1200.1730401524314,59131.0
2014-06-10 00:00:00+00:00,1201.0315620281724,1203.767712156904,1192.2186907606858,1193.407437063635,13190.0
2014-06-11 00:00:00+00:00,1193.1830745505147,1201.841418150916,1190.5870510941347,1197.9401022750942,25316.0
2014-06-12 00:00:00+00:00,1198.2891561816105,1204.5917802243061,1196.4863286427235,1201.0996533665152,57972.0
2014-06-13 00:00:00+00:00,1201.3324705222778,1206.9866438136876,1199.6399197779424,1202.9630331567996,6316.0
2014-06-14 00:00:00+00:00,1202.7988532562806,1204.312498569278,1200.5869142963218,1202.7609246688216,44302.0
2014-06-15 00:00:00+00:00,1203.6335442612888,1205.0051982160412,1201.3192929103332,1204.0169898285087,36292.0
2014-06-16 00:00:00+00:00,1204.3401556104734,1210.5417876153144,1197.2550096778668,1202.291415466774,26137.0
2014-06-17 00:00:00+00:00,1202.2861257886457,1206.6257720751512,1199.4156273209628,1204.3955994660475,59619.0
2014-06-18 00:00:00+00:00,1204.197548524098,1209.46408759766,1202.6241059333374,1205.5046219236535,54157.0
2014-06-19 00:00:00+00:00,1205.0433282824522,1207.416380943637,1199.1589147168381,1203.102649163811,35279.0
2014-06-20 00:00:00+00:00,1202.5000999468305,1203.4794246657584,1201.2507286108382,1202.3201055910713,20196.0
2014-06-21 00:00:00+00:00,1202.5936412031842,1203.299039202253,1197.2328559085518,1198.3289815265675,53560.0
2014-06-22 00:00:00+00:00,1198.1208340499468,1203.8433980899117,1197.1823461950491,1202.1782680481901,17714.0
2014-06-23 00:00:00+00:00,1201.9635837654646,1204.7563463661559,1200.9931477706723,1203.197807169599,28074.0
2014-06-24 00:00:00+00:00,1203.4400188197887,1206.5572168382803,1201.452489039919,1203.2225263617254,15718.0
2014-06-25 00:00:00+00:00,1203.0578802965629,1205.3141930955528,1197.647502193782,1201.067830209345,32272.0
2014-06-26 00:00:00+00:00,1201.379184954435,1202.8988401235565,1199.428775441474,1200.7678506371865,36814.0
2014-06-27 00:00:00+00:00,1200.4645462926112,1202.931691036564,1195.5643855771461,1200.0847601472417,40925.0
2014-06-28 00:00:00+00:00,1199.8389675113656,1201.5111243708475,1196.193166578043,1199.543283477953,55231.0
2014-06-29 00:00:00+00:00,1199.9806640237637,1202.049522530796,1194.7275213865328,1196.646412876277,50814.0
2014-06-30 00:00:00+00:00,1196.3247248917835,1198.1030995019262,1193.0396730589282,1196.6292994793575,24151.0
2014-07-01 00:00:00+00:00,1196.920005143886,1199.7751544874095,1193.769097663881,1198.3782743547627,46117.0
2014-07-02 00:00:00+00:00,1198.619513881309,1200.8166362604716,1195.36050406202,1197.6103607137218,13884.0
2014-07-03 00:00:00+00:00,1197.6151682876107,1203.15611444008,1195.401029874659,1201.773720002228,12242.0
2014-07-04 00:00:00+00:00,1200.9876083480358,1204.9996711202011,1199.5053590369698,1203.0794317277164,54953.0
2014-07-05 00:00:00+00:00,1202.4566840573611,1207.194247219397,1191.5933868115492,1196.4545547442997,24798.0
2014-07-06 00:00:00+00:00,1195.9372505932183,1202.0051552798445,1194.4162786452546,1199.5176343187823,52951.0
2014-07-07 00:00:00+00:00,1198.9074236230288,1203.1819498354168,1198.0351500484683,1200.2033838785082,11744.0
2014-07-08 00:00:00+00:00,1200.613823504077,1206.1804888433041,1198.5209853162985,1203.6527202810832,25140.0
2014-07-09 00:00:00+00:00,1203.2388926795884,1208.987533345435,1199.6108697286948,1204.419299044714,21822.0
2014-07-10 00:00:00+00:00,1203.8288830930999,1205.5714701589459,1201.3468318780135,1202.763519031286,30230.0
2014-07-11 00:00:00+00:00,1202.5230303674828,1204.6293564211835,1194.9843410068547,1197.5157707722803,45704.0
2014-07-12 00:00:00+00:00,1197.4702410360442,1208.132281718109,1193.5486174878747,1204.5386002653918,17091.0
2014-07-13 00:00:00+00:00,1203.744241819558,1208.2440467225335,1200.3571213533141,1205.6937221145245,39974.0
2014-07-14 00:00:00+00:00,1205.982548029856,1207.354712740464,1203.402612599766,1205.9019006874066,27851.0
2014-07-15 00:00:00+00:00,1206.246967749706,1209.1213013526517,1200.2514802840228,1203.7522072048412,24799.0
2014-07-16 00:00:00+00:00,1203.4690238965302,1205.2804086966537,1199.2667735276405,1200.9902866109117,34755.0
2014-07-17 00:00:00+00:00,1201.3740810113525,1204.1023720383278,1199.1655179049503,1201.7773121726361,44254.0
2014-07-18 00:00:00+00:00,1201.0391265222497,1202.3776722569348,1198.2457026377738,1200.0518130351566,32919.0
2014-07-19 00:00:00+00:00,1199.7901418323006,1201.3568041049655,1198.5751844553467,1200.5672478304318,59814.0
2014-07-20 00:00:00+00:00,1200.4896925687947,1206.8625751457814,1197.4412644813997,1203.6550089084535,55356.0
2014-07-21 00:00:00+00:00,1203.6883981018143,1210.5621861183354,1202.1422054725026,1208.10273761561,24065.0
2014-07-22 00:00:00+00:00,1208.6506792844218,1212.236781720274,1205.3328787063836,1208.0840994124785,19532.0
2014-07-23 00:00:00+00:00,1207.9266760079117,1213.8685644281193,1204.5253841215408,1212.3938813880652,59301.0
2014-07-24 00:00:00+00:00,1211.910078717677,1217.344300953252,1210.0117350181938,1215.9380354337402,56510.0
2014-07-25 00:00:00+00:00,1216.041011933038,1220.3430787302382,1212.5125268638806,1216.9824629620252,27955.0
2014-07-26 00:00:00+00:00,1217.0568588671542,1218.7566706602754,1211.2527601280597,1214.2726936067286,41859.0
2014-07-27 00:00:00+00:00,1214.4869867307063,1217.2920671760467,1209.7496331635457,1212.0322767436144,41393.0
2014-07-28 00:00:00+00:00,1211.8723749915853,1220.7490216059732,1209.2654256529136,1213.0074180104755,59061.0
2014-07-29 00:00:00+00:00,1213.0897343650347,1214.2935398472603,1209.6354075534698,1211.8634182914639,37548.0
2014-07-30 00:00:00+00:00,1211.5902397246043,1215.3706888287838,1205.016420744761,1211.0666391631805,56998.0
2014-07-31 00:00:00+00:00,1211.335229973578,1212.867749478064,1209.6558473628693,1211.729907847659,7590.0
2014-08-01 00:00:00+00:00,1211.4133130410514,1215.6286337379192,1210.1532431110868,1213.5004867908945,54449.0
2014-08-02 00:00:00+00:00,1213.2033450954048,1214.4170501049653,1211.3616591212417,1212.902020595246,37640.0
2014-08-03 00:00:00+00:00,1213.4593564343581,1216.5813630124082,1210.9843370867402,1214.4806671213632,11202.0
2014-08-04 00:00:00+00:00,1214.1159871763577,1219.4166550750108,1213.0747739052836,1218.0504546577642,40868.0
2014-08-05 00:00:00+00:00,1218.051609469281,1219.9666344715642,1216.186355486943,1218.6274870172883,58866.0
2014-08-06 00:00:00+00:00,1218.8995436616829,1221.7880383006316,1215.8542851112818,1217.0804101650933,37019.0
2014-08-07 00:00:00+00:00,1216.9273175615053,1220.1068570355462,1206.8382621283781,1211.8778341691461,52744.0
2014-08-08 00:00:00+00:00,1212.3091225966655,1213.8941940134353,1206.3054591210118,1207.8056124629202,16920.0
2014-08-09 00:00:00+00:00,1207.5287331774607,1210.9989077143819,1201.4365445436877,1206.544125142237,19459.0
2014-08-10 00:00:00+00:00,1207.0286153775828,1207.9799498973211,1200.6457642978496,1202.8239720946567,31932.0
2014-08-11 00:00:00+00:00,1202.085362321397,1203.5744977580857,1197.3364830791256,1199.6847130072847,8907.0
2014-08-12 00:00:00+00:00,1199.044945462939,1212.0908263311828,1195.2610044890525,1210.1024428233986,17243.0
2014-08-13 00:00:00+00:00,1210.1334845198514,1214.181224474164,1201.6492194678408,1205.3908421224914,27799.0
2014-08-14 00:00:00+00:00,1206.0685406451862,1223.7320283937574,1201.6698352659043,1215.3667256097629,9612.0
2014-08-15 00:00:00+00:00,1216.137374587699,1217.0065912101834,1211.7475374904639,1213.7878497817587,47913.0
2014-08-16 00:00:00+00:00,1213.3763497495415,1218.3553120813624,1208.3409173003192,1217.280118155037,42415.0
2014-08-17 00:00:00+00:00,1217.2649673507508,1221.9222032548896,1212.8508687277606,1215.3275999910002,20259.0
2014-08-18 00:00:00+00:00,1215.0914346695058,1221.631267266267,1208.766697590887,1214.3965077530097,39081.0
2014-08-19 00:00:00+00:00,1213.3715323822094,1215.8468562914172,1210.5759759478117,1211.9831837164124,15497.0
2014-08-20 00:00:00+00:00,1212.3276982598036,1213.1850727174483,1209.1854448462273,1211.9211450570397,15865.0
2014-08-21 00:00:00+00:00,1211.7410749986534,1213.993015901537,1199.9375455967981,1204.8534824477595,17294.0
2014-08-22 00:00:00+00:00,1205.5019906194998,1213.1369358744082,1193.1473638322152,1201.6489694120066,55970.0
2014-08-23 00:00:00+00:00,1201.7796166899443,1204.6393567574326,1196.7711708783343,1198.864982451725,26580.0
2014-08-24 00:00:00+00:00,1198.613326457077,1201.0791425982336,1193.2614802703652,1194.8824809281148,7027.0
2014-08-25 00:00:00+00:00,1194.5563942488393,1202.0667817812107,1191.7634506885668,1197.814159278741,23103.0
2014-08-26 00:00:00+00:00,1197.7244058766266,1201.0213474674708,1195.384547499741,1198.3932837095297,9017.0
2014-08-27 00:00:00+00:00,1198.6065433535264,1205.9170211502553,1194.2935609692945,1202.5787079710158,59667.0
2014-08-28 00:00:00+00:00,1202.3458564520056,1210.4720004906007,1194.6815662008917,1206.9720854738432,39268.0
2014-08-29 00:00:00+00:00,1208.3029915226055,1226.125059352292,1205.6809334933764,1221.9302682357616,20334.0
2014-08-30 00:00:00+00:00,1222.029270003144,1222.8685438898697,1220.6189068770134,1221.534186803461,24090.0
2014-08-31 00:00:00+00:00,1220.9869818517154,1225.8561039591698,1218.0214369924838,1221.9604942996534,14515.0
2014-09-01 00:00:00+00:00,1221.99831949337,1228.8585835316767,1220.379242477213,1225.2261837573337,19363.0
2014-09-02 00:00:00+00:00,1225.7770994915386,1228.1218816124324,1212.9895728800764,1214.8558783576477,27647.0
2014-09-03 00:00:00+00:00,1215.0601470458969,1218.7311847021851,1212.4226797344418,1215.854781001557,32710.0
2014-09-04 00:00:00+00:00,1215.6953588022636,1217.0013221969762,1210.8476412708949,1211.6860162792946,55631.0
2014-09-05 00:00:00+00:00,1211.3688872569967,1212.7581918291608,1203.1791941189203,1204.9826848826833,17907.0
2014-09-06 00:00:00+00:00,1204.6072754767845,1211.363365473625,1201.4958144633265,1205.6255296923318,15407.0
2014-09-07 00:00:00+00:00,1205.0627596335148,1208.0792763135926,1203.2806497980912,1206.1637123316327,6456.0
2014-09-08 00:00:00+00:00,1205.918006262603,1210.954915357228,1203.3049156960574,1208.9539161636608,18012.0
2014-09-09 00:00:00+00:00,1209.0777913319298,1215.0619877132597,1205.1358174932898,1213.5079128257132,54053.0
2014-09-10 00:00:00+00:00,1213.2367629422945,1215.3128108254682,1196.9990553246187,1203.0652069180933,17686.0
2014-09-11 00:00:00+00:00,1203.8342743845756,1209.6275982300654,1202.0467550463964,1208.053948399182,21111.0
2014-09-12 00:00:00+00:00,1208.2322543688954,1214.9838711295788,1203.6789155193867,1208.2210861143926,37708.0
2014-09-13 00:00:00+00:00,1208.0092710104507,1212.981323491243,1198.0045036869724,1202.6905636763936,25845.0
2014-09-14 00:00:00+00:00,1202.674045794573,1205.8924182245169,1192.832061206566,1195.7190940385544,17395.0
2014-09-15 00:00:00+00:00,1196.4079845131391,1206.6595414245917,1194.4374246302882,1203.8706229195202,32664.0
2014-09-16 00:00:00+00:00,1203.0624514084102,1211.9784806803248,1196.6837719363193,1205.2615051463806,43011.0
2014-09-17 00:00:00+00:00,1205.3728837237413,1207.654174465382,1199.3252206479458,1200.406600463174,46338.0
2014-09-18 00:00:00+00:00,1201.6708737841473,1211.2786110225477,1200.7960743602432,1208.7136632568725,41957.0
2014-09-19 00:00:00+00:00,1209.1891251008992,1219.3491004149835,1202.9716147993918,1206.716909164924,13457.0
2014-09-20 00:00:00+00:00,1206.286381882315,1223.1980250673641,1198.5599149114482,1214.2654410988594,14944.0
2014-09-21 00:00:00+00:00,1214.3240513324288,1222.3540957833548,1197.3645168913365,1206.6763892435572,44201.0
2014-09-22 00:00:00+00:00,1206.5635639399115,1219.3035391367293,1200.9601582588427,1213.9231860604825,25265.0
2014-09-23 00:00:00+00:00,1215.2516518913121,1221.7989243858688,1213.8994803687567,1218.9448422976582,52775.0
2014-09-24 00:00:00+00:00,1218.6214928461734,1220.3600169283368,1203.1732816202677,1208.2996980864027,59496.0
2014-09-25 00:00:00+00:00,1208.1690101106512,1220.6444974658875,1204.3590639156498,1217.3561050305323,24321.0
2014-09-26 00:00:00+00:00,1217.1966930280882,1227.6994257407327,1214.576152477525,1223.445002416867,18595.0
2014-09-27 00:00:00+00:00,1222.7580273652122,1225.7103343438482,1219.4483564393158,1222.473976867418,10935.0
2014-09-28 00:00:00+00:00,1220.8857050120077,1222.0189196202025,1216.733786146245,1219.8222241255978,13155.0
2014-09-29 00:00:00+00:00,1219.7071004534941,1226.9171703834463,1207.7574133667767,1218.3207867494011,19290.0
2014-09-30 00:00:00+00:00,1218.5664876533656,1220.0371778903082,1211.7337618562035,1214.0589185823426,51068.0
2014-10-01 00:00:00+00:00,1213.8509578894857,1257.178148867694,1207.1008579000586,1249.148535458349,24708.0
2014-10-02 00:00:00+00:00,1249.3904885845873,1264.1332550050795,1239.5205574542888,1256.1634439561408,54397.0
2014-10-03 00:00:00+00:00,1256.534488673885,1262.569337020571,1248.916592536704,1251.5251158081405,43034.0
2014-10-04 00:00:00+00:00,1251.867785968994,1266.4389557065774,1247.9720295193297,1265.175453955862,27167.0
2014-10-05 00:00:00+00:00,1264.3288578775964,1276.117436367494,1259.7228421583477,1270.9727668501455,26343.0
2014-10-06 00:00:00+00:00,1271.7262356985225,1281.0816310753294,1266.7431259337427,1279.4216119397367,22668.0
2014-10-07 00:00:00+00:00,1279.8531774770097,1285.2623095004533,1168.489539544989,1177.8209545297539,5140.0
2014-10-08 00:00:00+00:00,1178.1921902068823,1193.1090869012708,1167.778262574936,1181.9693385434516,53355.0
2014-10-09 00:00:00+00:00,1181.9729491856044,1188.7703617024035,1176.546180459004,1184.1995310360498,24590.0
2014-10-10 00:00:00+00:00,1184.1970672761622,1186.143123496998,1175.2264639625569,1177.493615723588,9029.0
2014-10-11 00:00:00+00:00,1177.241271081798,1187.753815836581,1167.2061809787915,1177.934724876188,53931.0
2014-10-12 00:00:00+00:00,1178.1284910429536,1196.5504114605146,1173.1382182865289,1190.4398386060645,37214.0
2014-10-13 00:00:00+00:00,1190.8715302985506,1200.5559795339454,1186.1729040799676,1196.2459734500342,38276.0
2014-10-14 00:00:00+00:00,1195.9762083365238,1202.7384099308572,1180.8283924910243,1192.414550035077,20867.0
2014-10-15 00:00:00+00:00,1192.7976414773045,1208.7837993323567,1185.227041554306,1200.4868372370543,28532.0
2014-10-16 00:00:00+00:00,1200.2655850885037,1206.9974993852911,1185.270323645115,1193.0754652995915,56858.0
2014-10-17 00:00:00+00:00,1193.3531119310696,1197.1164092030956,1189.460115803404,1192.9719628091095,15030.0
2014-10-18 00:00:00+00:00,1192.9027509089021,1196.5646231872922,1181.6498490253118,1188.9172414746142,35588.0
2014-10-19 00:00:00+00:00,1189.3186380338643,1195.362161923508,1179.624086497023,1184.69399439213,29139.0
2014-10-20 00:00:00+00:00,1185.592347155554,1205.7141074599604,1180.6361265366825,1196.1789332985998,25810.0
2014-10-21 00:00:00+00:00,1196.2848523714488,1203.5032172184747,1191.4087881894086,1201.6574630398177,27991.0
2014-10-22 00:00:00+00:00,1201.4239690887289,1210.2362166864675,1197.13502984249,1205.2413045076446,32846.0
2014-10-23 00:00:00+00:00,1205.037953109685,1216.3701100505168,1200.9154250832541,1211.3134532632516,54641.0
2014-10-24 00:00:00+00:00,1211.6100166088142,1227.694136063825,1202.5299328562885,1217.198158858044,31600.0
2014-10-25 00:00:00+00:00,1216.9602627886002,1232.5939828897824,1204.434390821104,1223.8463409461829,44659.0
2014-10-26 00:00:00+00:00,1224.3175077828234,1233.703707205091,1220.0865589089765,1225.881647680206,56370.0
2014-10-27 00:00:00+00:00,1226.0248241561305,1247.5016816485168,1220.421395814366,1239.60225171505,59783.0
2014-10-28 00:00:00+00:00,1240.043751656806,1250.2481092251528,1232.063203945045,1241.1941313373898,8075.0
2014-10-29 00:00:00+00:00,1240.9239468728272,1247.533749847266,1228.565467167782,1232.206931112816,35857.0
2014-10-30 00:00:00+00:00,1231.7423741744649,1245.366500660394,1215.282059505697,1229.4559746882803,38357.0
2014-10-31 00:00:00+00:00,1229.0951554772528,1250.8575526114234,1216.977768545532,1242.5599586144228,15868.0
2014-11-01 00:00:00+00:00,1242.7543347454914,1248.5774389501034,1238.9616943882559,1244.5374626860814,45381.0
2014-11-02 00:00:00+00:00,1244.1523096731178,1260.390995291314,1240.96399929013,1256.078889244571,59068.0
2014-11-03 00:00:00+00:00,1256.4224828140805,1277.6442058379166,1251.3986395136867,1270.029525559658,20839.0
2014-11-04 00:00:00+00:00,1269.0005181772515,1276.9315772780978,1262.8039698976988,1272.8986300462993,21942.0
2014-11-05 00:00:00+00:00,1272.5647690082694,1283.4395662866261,1260.8319357411353,1279.2557441023978,30456.0
2014-11-06 00:00:00+00:00,1279.1729646390806,1302.0319728530283,1268.1174674570543,1287.0613490491044,55719.0
2014-11-07 00:00:00+00:00,1286.1346686430475,1303.1057382847177,1271.587428913531,1290.050452214533,22226.0
2014-11-08 00:00:00+00:00,1289.7401113397807,1297.626595611716,1261.8329450959966,1277.282652236689,24633.0
2014-11-09 00:00:00+00:00,1276.5297185800273,1308.4029210300664,1265.6319474394272,1294.9869839887572,22006.0
2014-11-10 00:00:00+00:00,1294.9513992579114,1301.8511961606284,1288.3037047460452,1291.1972609637594,27126.0
2014-11-11 00:00:00+00:00,1291.0747563785014,1294.804155634081,1275.117531511957,1284.6243637979624,13723.0
2014-11-12 00:00:00+00:00,1285.0005744437265,1312.2927730460644,1281.5893378859337,1304.3946432310468,28206.0
2014-11-13 00:00:00+00:00,1303.9629779188936,1318.53287474657,1282.88705863796,1287.6107999354583,47755.0
2014-11-14 00:00:00+00:00,1286.785070050318,1290.7467289257404,1266.969939962957,1277.1432015517694,25469.0
2014-11-15 00:00:00+00:00,1276.8700959471562,1278.9860171285945,1258.7930120885144,1261.0307991522664,12883.0
2014-11-16 00:00:00+00:00,1261.0962006619543,1265.4118652278858,1254.5797660031978,1261.787334359111,18856.0
2014-11-17 00:00:00+00:00,1261.8350980616897,1283.5289065352918,1258.860244961288,1276.6555568664696,49480.0
2014-11-18 00:00:00+00:00,1276.7412468231137,1283.482328996955,1273.907843874724,1282.4710194753177,53514.0
2014-11-19 00:00:00+00:00,1283.0887014181503,1291.5893120587987,1279.2082823627832,1286.6284703567476,18890.0
2014-11-20 00:00:00+00:00,1286.4494065708598,1290.6584381502887,1279.730629582361,1283.5208408683125,34628.0
2014-11-21 00:00:00+00:00,1283.4150053987933,1285.940956584947,1260.6007250004516,1263.8453094480371,33128.0
2014-11-22 00:00:00+00:00,1263.4258298930952,1277.4445023606143,1259.2717559035607,1276.2267973475207,21438.0
2014-11-23 00:00:00+00:00,1275.9302210480575,1288.1017552867058,1270.925850727946,1280.9916893113866,10826.0
2014-11-24 00:00:00+00:00,1281.52026650779,1283.885713034678,1277.7076186710854,1281.6359403049294,47165.0
2014-11-25 00:00:00+00:00,1281.8201714582042,1285.0334352930067,1271.3804608892744,1275.2616907637507,21493.0
2014-11-26 00:00:00+00:00,1273.949422853726,1284.2884541325695,1269.3932293812966,1275.1302375625935,12454.0
2014-11-27 00:00:00+00:00,1275.7383718012375,1290.2589182021202,1268.9065758638556,1286.014181373021,49610.0
2014-11-28 00:00:00+00:00,1285.0072626832455,1293.3007214545203,1280.1079281735488,1287.1349277637876,22774.0
2014-11-29 00:00:00+00:00,1286.9286636482007,1290.3376521191599,1279.3160139667707,1284.4844166128019,23960.0
2014-11-30 00:00:00+00:00,1284.9785669344462,1299.4578547258996,1274.0383802460965,1289.566759505542,21809.0
2014-12-01 00:00:00+00:00,1289.635435588326,1297.8769570959578,1281.5259130539644,1290.1711026207186,46873.0
2014-12-02 00:00:00+00:00,1290.4573881810277,1302.8323270359165,1271.0740543588622,1288.9014040367165,24024.0
2014-12-03 00:00:00+00:00,1289.34514632232,1295.55830043973,1281.5476394394807,1288.222478540346,48436.0
2014-12-04 00:00:00+00:00,1288.3766363288123,1312.1517995657905,1275.1406692114003,1294.7727381334573,22389.0
2014-12-05 00:00:00+00:00,1294.1341043903737,1300.2833928034768,1292.583088011281,1294.5870580838362,58235.0
2014-12-06 00:00:00+00:00,1294.778099350902,1302.6176967697918,1286.5903145343702,1295.2902901274135,23701.0
2014-12-07 00:00:00+00:00,1294.937164142197,1316.8650413127523,1288.6424703443984,1297.3353482236341,24107.0
2014-12-08 00:00:00+00:00,1296.1023123785696,1298.3774955862261,1292.7544538680295,1295.6121355537473,46062.0
2014-12-09 00:00:00+00:00,1295.465984480474,1316.4085871717984,1272.3365841015611,1290.8709905318917,57654.0
2014-12-10 00:00:00+00:00,1291.153133215172,1304.2598357454901,1277.4209837655728,1288.3675132049286,40645.0
2014-12-11 00:00:00+00:00,1288.4314633105505,1311.5772404997485,1280.2932379318147,1300.8873795007657,56070.0
2014-12-12 00:00:00+00:00,1300.894910880555,1312.4202927825247,1296.9226851010064,1307.0380366509132,12155.0
2014-12-13 00:00:00+00:00,1307.936739884142,1339.9386676659378,1303.8943040028234,1331.3084376220418,19004.0
2014-12-14 00:00:00+00:00,1331.4550559411437,1352.7812934406827,1305.9979497913607,1328.321741719475,16446.0
2014-12-15 00:00:00+00:00,1328.8038707950932,1343.1131230481708,1322.077630066334,1333.0664454109383,13013.0
2014-12-16 00:00:00+00:00,1333.2426142116703,1345.421688968659,1329.3165469509415,1339.0597375266148,45262.0
2014-12-17 00:00:00+00:00,1339.9319542023939,1361.054582016622,1335.0087021589766,1348.8687294479641,10745.0
2014-12-18 00:00:00+00:00,1348.676905243931,1361.937756149744,1341.149789831258,1353.810896280511,24761.0
2014-12-19 00:00:00+00:00,1354.444684777951,1368.20458983023,1336.522905396203,1349.2074356895096,38144.0
2014-12-20 00:00:00+00:00,1350.180212510082,1369.1898228740756,1329.7886251736943,1350.6812013651636,30391.0
2014-12-21 00:00:00+00:00,1350.4872157312916,1355.806019168841,1335.9578537941338,1350.0319548922973,55995.0
2014-12-22 00:00:00+00:00,1350.594064676958,1357.305095852671,1346.792843760441,1349.5673798954847,52485.0
2014-12-23 00:00:00+00:00,1348.851709290194,1370.595379594187,1344.3746264763588,1357.4177583134544,40004.0
2014-12-24 00:00:00+00:00,1357.5925366933977,1378.4051165021463,1346.1590532239827,1368.3283353530965,12269.0
2014-12-25 00:00:00+00:00,1368.731118426858,1383.2934611373587,1361.7033617118807,1369.977925000455,24996.0
2014-12-26 00:00:00+00:00,1369.5352339341584,1377.0537811046038,1361.5001610285465,1367.2058345670769,31962.0
2014-12-27 00:00:00+00:00,1366.245390651409,1370.6991111006487,1355.2107011197506,1366.679241860877,43662.0
2014-12-28 00:00:00+00:00,1366.7122661774567,1395.0423278995418,1362.1647506097345,1387.4779441556286,41968.0
2014-12-29 00:00:00+00:00,1387.3054181304092,1443.5464754464954,1376.2510536695765,1430.2533621676712,55896.0
2014-12-30 00:00:00+00:00,1430.3655076051386,1443.0693072051872,1419.9719374896677,1432.7519245056988,11659.0
2014-12-31 00:00:00+00:00,1432.925249402387,1451.0507958540413,1424.2131771827646,1437.068684898282,49260.0
2015-01-01 00:00:00+00:00,1437.548788017976,1445.4156587226494,1432.6726622086085,1440.5057794973482,51268.0
2015-01-02 00:00:00+00:00,1441.40198002392,1454.0944731291434,1411.0333718201373,1424.2875291763962,38834.0
2015-01-03 00:00:00+00:00,1424.538935656362,1439.4370343857622,1414.5961006281616,1422.9722472160072,53185.0
2015-01-04 00:00:00+00:00,1422.1229701402542,1438.1550210811376,1414.7892101586494,1430.3463458129297,11042.0
2015-01-05 00:00:00+00:00,1430.7352649710688,1443.4656098050336,1421.716133937599,1431.7349575283845,22257.0
2015-01-06 00:00:00+00:00,1431.9645942096017,1439.9553626697905,1420.7532774069086,1428.7812806842362,55306.0
2015-01-07 00:00:00+00:00,1428.8735607923027,1439.7146274394127,1425.7401458468307,1436.8272404327472,34215.0
2015-01-08 00:00:00+00:00,1437.735038710517,1447.356004539235,1428.5965142387267,1441.0482050413784,43653.0
2015-01-09 00:00:00+00:00,1441.2093491102423,1456.072741318331,1436.4793629622068,1454.236938541792,46165.0
2015-01-10 00:00:00+00:00,1454.0434325200029,1459.7293678563358,1442.8716226894185,1455.9694551509524,7399.0
2015-01-11 00:00:00+00:00,1456.2479145593106,1462.3915953531975,1444.5482913400263,1456.131996076328,38780.0
2015-01-12 00:00:00+00:00,1455.2261385619634,1463.809353099881,1451.5852054306197,1459.0818622553327,54030.0
2015-01-13 00:00:00+00:00,1459.6447843587218,1472.7895910078403,1451.7368269340293,1465.148945291306,24316.0
2015-01-14 00:00:00+00:00,1465.1971039832856,1467.329651554918,1458.0107549888012,1462.3647139631219,42234.0
2015-01-15 00:00:00+00:00,1463.3519261938438,1471.191788389822,1459.3732095846574,1468.9190081779523,57032.0
2015-01-16 00:00:00+00:00,1469.3294274587777,1479.600345780973,1464.881542864315,1470.5068362522538,35900.0
2015-01-17 00:00:00+00:00,1470.7385109762395,1478.0338385753057,1461.2773563372705,1469.4706075616766,43578.0
2015-01-18 00:00:00+00:00,1469.5936069589254,1496.9031323380188,1452.6081782143583,1482.390007350418,20588.0
2015-01-19 00:00:00+00:00,1481.714497705085,1493.8381929425145,1468.6895275915792,1475.5669385889885,16615.0
2015-01-20 00:00:00+00:00,1475.535714659435,1478.491540141919,1449.7659989248723,1454.8454753673907,17015.0
2015-01-21 00:00:00+00:00,1455.0320045264768,1462.464699015971,1448.9587143310262,1456.8144714002617,8033.0
2015-01-22 00:00:00+00:00,1457.395777102267,1465.4702161634357,1451.787970182404,1457.519219267035,26243.0
2015-01-23 00:00:00+00:00,1457.7835158261184,1467.040447616326,1453.4412816086494,1463.9454972321369,12721.0
2015-01-24 00:00:00+00:00,1464.3630919584841,1472.792531201212,1451.7800939091467,1467.302777047617,39266.0
2015-01-25 00:00:00+00:00,1467.716933955838,1505.3228924465989,1463.3010093273615,1492.2368055566617,28321.0
2015-01-26 00:00:00+00:00,1491.9445079015215,1509.228556817314,1486.915420347148,1502.8021079994967,13297.0
2015-01-27 00:00:00+00:00,1503.000381278068,1518.0065210068612,1488.500276393763,1497.935046030677,29001.0
2015-01-28 00:00:00+00:00,1497.8261803326807,1517.3706811169145,1485.7704848622598,1510.4546812067285,27957.0
2015-01-29 00:00:00+00:00,1509.7284985123151,1517.7701890475137,1494.2239206969884,1513.423449985663,37640.0
2015-01-30 00:00:00+00:00,1512.5420773895016,1522.8875792578183,1483.161326186946,1494.6951092211189,15106.0
2015-01-31 00:00:00+00:00,1495.2016336109255,1514.9185205622507,1483.6600114345697,1502.1775178348703,43328.0
2015-02-01 00:00:00+00:00,1503.0462178152886,1523.420746385695,1496.4311763599374,1511.2675639999402,13310.0
2015-02-02 00:00:00+00:00,1512.1343503007552,1521.583567235962,1506.079554643806,1514.875708417841,45387.0
2015-02-03 00:00:00+00:00,1514.3894473683793,1523.2071585103752,1504.6696293560196,1516.7848824981556,26478.0
2015-02-04 00:00:00+00:00,1517.702221935823,1524.0270164506396,1506.7590222647098,1510.9140310804853,17197.0
2015-02-05 00:00:00+00:00,1511.8629412235216,1516.5361781971765,1495.8203646185761,1502.3707090377422,6617.0
2015-02-06 00:00:00+00:00,1501.94207538382,1526.8230223295618,1482.8649143481043,1508.8796842440397,7072.0
2015-02-07 00:00:00+00:00,1509.1906106931767,1515.4418715681509,1483.1745242367488,1501.6712454561637,25331.0
2015-02-08 00:00:00+00:00,1502.7033465879126,1529.2954037678005,1500.8655573842132,1524.4156224452706,30716.0
2015-02-09 00:00:00+00:00,1524.4932751960591,1527.3430048540868,1501.8255588281113,1514.9455686193942,48131.0
2015-02-10 00:00:00+00:00,1515.6746204923893,1526.4710859461086,1474.910836949936,1489.661319226361,8907.0
2015-02-11 00:00:00+00:00,1489.31976096405,1494.2611325508217,1486.6868394383305,1489.2117262233744,9551.0
2015-02-12 00:00:00+00:00,1489.035533503718,1500.4654418870637,1483.3373279024615,1492.576127116478,6946.0
2015-02-13 00:00:00+00:00,1493.1151283360764,1496.2529957948952,1464.6816615822004,1470.1979769045392,11508.0
2015-02-14 00:00:00+00:00,1470.1250028730792,1479.6082794849551,1461.463690943611,1474.9250715088083,16391.0
2015-02-15 00:00:00+00:00,1475.0218425730147,1487.270505448877,1457.3611618058308,1462.1667718812128,26205.0
2015-02-16 00:00:00+00:00,1462.2431704609387,1481.2817994656025,1423.8530877359688,1439.2651245279944,14841.0
2015-02-17 00:00:00+00:00,1438.707479973171,1464.1363080806868,1423.9667323634483,1452.069706021831,59013.0
2015-02-18 00:00:00+00:00,1452.9457609488456,1462.836537772836,1436.2068638048381,1439.692131842654,48881.0
2015-02-19 00:00:00+00:00,1439.6373577694162,1452.3461036276308,1428.8260048245807,1442.6052209465245,43460.0
2015-02-20 00:00:00+00:00,1442.4412558609877,1453.2847597044497,1408.2506404982796,1427.889524324974,16111.0
2015-02-21 00:00:00+00:00,1427.6607380895402,1431.6120063623964,1423.8068912812892,1426.643817318809,34917.0
2015-02-22 00:00:00+00:00,1426.7021447525606,1430.5998587743215,1408.4229193637939,1412.4730413185803,50516.0
2015-02-23 00:00:00+00:00,1411.9767608914976,1431.883951771816,1405.5470848805287,1428.199350419968,10515.0
2015-02-24 00:00:00+00:00,1428.708699193495,1434.0422447998176,1418.0961631111766,1427.783335840831,33699.0
2015-02-25 00:00:00+00:00,1427.6138351035756,1442.6101960557005,1419.6293792941044,1432.4895145742232,6307.0
2015-02-26 00:00:00+00:00,1432.9581343378552,1440.967612864115,1431.9129182969082,1438.8048283646676,27820.0
2015-02-27 00:00:00+00:00,1438.3300952328211,1448.5635506722078,1435.964389741495,1442.7693307412549,57720.0
2015-02-28 00:00:00+00:00,1442.2124924817765,1448.6217901460964,1425.0888218845937,1428.8736105608448,24792.0
2015-03-01 00:00:00+00:00,1428.3768913442786,1431.2556952994141,1423.4993440213084,1428.2559235639822,37360.0
2015-03-02 00:00:00+00:00,1428.406344812924,1439.1109862054911,1422.6512047968238,1431.6388897443796,54599.0
2015-03-03 00:00:00+00:00,1430.9150496847876,1439.6214177733505,1424.8316204847415,1435.9409385473884,15273.0
2015-03-04 00:00:00+00:00,1436.4378814248143,1439.0998846650423,1420.4346102984907,1427.425415942184,32873.0
2015-03-05 00:00:00+00:00,1427.2605519301778,1446.7807116190218,1418.3422462610438,1437.4248186197915,32942.0
2015-03-06 00:00:00+00:00,1437.9533695789016,1448.8170348559838,1429.8118248748633,1442.4428079154675,40899.0
2015-03-07 00:00:00+00:00,1442.2463783140377,1454.0125089645724,1434.403901523793,1444.3419009704191,16932.0
2015-03-08 00:00:00+00:00,1444.8240870338966,1449.7592089654854,1441.424012324392,1447.200407315991,47234.0
2015-03-09 00:00:00+00:00,1446.6353042293808,1450.8768218833686,1435.7422775955552,1441.584594596722,19697.0
2015-03-10 00:00:00+00:00,1440.9803883614027,1443.2766715976163,1429.603480039642,1438.0697516410148,25019.0
2015-03-11 00:00:00+00:00,1438.4253055123108,1450.9959885525916,1433.3096502329986,1444.2488185253324,47268.0
2015-03-12 00:00:00+00:00,1443.9548532507654,1454.470256133598,1439.0937274428518,1447.6618994250327,17643.0
2015-03-13 00:00:00+00:00,1448.2853086434975,1472.443413205937,1443.7932034523055,1463.6974314733086,47589.0
2015-03-14 00:00:00+00:00,1463.31669068842,1486.9096352949548,1460.481086498529,1479.6163794438974,37345.0
2015-03-15 00:00:00+00:00,1479.9334237335468,1485.2314996563225,1474.8075447820024,1476.620431702945,42711.0
2015-03-16 00:00:00+00:00,1476.1629920794478,1477.8630941803322,1470.0275208811063,1472.6290447221968,14647.0
2015-03-17 00:00:00+00:00,1471.637609268428,1478.9121088168647,1460.3437548100862,1469.2449415140006,57692.0
2015-03-18 00:00:00+00:00,1470.0927366177443,1482.528246981813,1467.4070117968417,1481.3668917392151,51645.0
2015-03-19 00:00:00+00:00,1481.263746725262,1484.4445468796887,1475.9275742429897,1479.253265624571,9190.0
2015-03-20 00:00:00+00:00,1479.8374769647269,1491.9489799175644,1474.609544177297,1480.3870421370116,46824.0
2015-03-21 00:00:00+00:00,1480.508690497786,1488.9342111725678,1453.268854003812,1464.6721569609604,31053.0
2015-03-22 00:00:00+00:00,1463.7000002253246,1485.4514501191209,1459.3171446576482,1475.6617443584832,35280.0
2015-03-23 00:00:00+00:00,1475.909175838295,1478.7636167986298,1472.591438804941,1475.223660360357,41957.0
2015-03-24 00:00:00+00:00,1475.8698646922714,1497.1888368400414,1471.1697943523047,1484.9355473162307,49063.0
2015-03-25 00:00:00+00:00,1485.709136437994,1491.417898497204,1465.7191558818301,1468.3436290690806,21310.0
2015-03-26 00:00:00+00:00,1469.3091882639305,1473.5097725474786,1453.4064673648843,1458.6835711295303,30209.0
2015-03-27 00:00:00+00:00,1458.925523332542,1463.8313093175227,1449.6364314007,1454.8564560618188,46361.0
2015-03-28 00:00:00+00:00,1454.813832611228,1458.3755984532957,1444.0208480578074,1452.7716162347683,24737.0
2015-03-29 00:00:00+00:00,1452.8279484726183,1460.3467637000479,1438.902054936692,1448.1039968728942,32180.0
2015-03-30 00:00:00+00:00,1447.4553831169437,1452.4494491774153,1428.1174950481584,1435.962905595975,33041.0
2015-03-31 00:00:00+00:00,1436.3951001228809,1440.07313519676,1414.2679006918017,1418.2130954021266,36348.0
2015-04-01 00:00:00+00:00,1418.633418182552,1423.144508184037,1416.8096418383877,1419.7712146379988,25070.0
2015-04-02 00:00:00+00:00,1419.9817326466723,1427.0144307644873,1415.194972098754,1423.6767060200668,7334.0
2015-04-03 00:00:00+00:00,1423.2576320810483,1427.1303378212297,1413.6828369844332,1418.332895970145,41984.0
2015-04-04 00:00:00+00:00,1418.7080069320023,1426.233999062803,1408.8154105490112,1418.9316056534071,54864.0
2015-04-05 00:00:00+00:00,1418.6380979794487,1423.0250292214653,1408.1526857530496,1411.791944209252,37749.0
2015-04-06 00:00:00+00:00,1412.5008659440123,1422.3393932654392,1407.3613847867268,1415.599943007902,56574.0
2015-04-07 00:00:00+00:00,1415.2752738011031,1422.2341783608686,1411.43963475074,1418.7222129036338,18227.0
2015-04-08 00:00:00+00:00,1418.4413569489056,1422.518019289507,1406.683413769614,1411.2563939921617,24412.0
2015-04-09 00:00:00+00:00,1411.092286895352,1418.860893686244,1407.8509957302522,1414.01995981,10915.0
2015-04-10 00:00:00+00:00,1413.4586193373973,1441.4650459895372,1400.0374011284596,1429.2268775573393,25855.0
2015-04-11 00:00:00+00:00,1428.735532954455,1432.6949519858679,1419.2986705800613,1424.1014899221573,32498.0
2015-04-12 00:00:00+00:00,1423.9559818274327,1432.8100474946764,1414.8142126929963,1428.985579801164,54946.0
2015-04-13 00:00:00+00:00,1427.6115093094195,1437.7691242745907,1406.5548286429616,1416.4463839962739,31150.0
2015-04-14 00:00:00+00:00,1417.5770196936862,1423.4296022749902,1409.5100380378863,1412.176246174192,36311.0
2015-04-15 00:00:00+00:00,1412.3967136960352,1416.4330830742754,1406.0435209148293,1409.9219356059614,26392.0
2015-04-16 00:00:00+00:00,1410.0964875718023,1423.8220045860216,1407.840586794366,1419.9174594240253,37261.0
2015-04-17 00:00:00+00:00,1419.4351928243195,1432.0416617513913,1415.2434621993216,1425.9138058094204,7015.0
2015-04-18 00:00:00+00:00,1426.0334769589826,1434.9747319735343,1416.1751320088338,1427.5139956078497,51904.0
2015-04-19 00:00:00+00:00,1427.5206322299002,1431.5706932545095,1421.3047214256685,1427.469541047818,51781.0
2015-04-20 00:00:00+00:00,1427.5354561637164,1436.8258743653998,1419.5139940554138,1429.9439688446673,41933.0
2015-04-21 00:00:00+00:00,1429.119039940821,1436.9371832185034,1420.9596813360952,1428.2662612482045,23556.0
2015-04-22 00:00:00+00:00,1428.2106927650466,1435.8320078836948,1424.4485549687497,1429.8525691672455,37422.0
2015-04-23 00:00:00+00:00,1428.7957679145159,1435.0965250809024,1425.6790634790436,1431.116216020034,19530.0
2015-04-24 00:00:00+00:00,1431.014162260914,1433.4489823101449,1427.2157300438462,1429.4792113701023,53818.0
2015-04-25 00:00:00+00:00,1428.987603113339,1432.4601935002495,1428.2532084862364,1429.6953229867452,30063.0
2015-04-26 00:00:00+00:00,1429.3613152642345,1431.7320682275345,1400.1929756979741,1405.592880348001,53943.0
2015-04-27 00:00:00+00:00,1405.4214871454503,1416.0681274968251,1404.5099017822274,1413.6598094204305,19361.0
2015-04-28 00:00:00+00:00,1414.1383147950596,1416.0784238134236,1409.1124217950417,1412.8079170286828,55204.0
2015-04-29 00:00:00+00:00,1413.4985303286114,1415.1292249173282,1408.9523880215502,1412.3737533120618,21884.0
2015-04-30 00:00:00+00:00,1412.3990399049246,1417.187059563055,1405.7437860375433,1414.1570456809054,56900.0
2015-05-01 00:00:00+00:00,1413.5631064479624,1423.3321790415807,1410.5761328610622,1417.8712169404678,40309.0
2015-05-02 00:00:00+00:00,1418.7126785068333,1423.6600702947394,1417.022243711699,1420.6041710903112,43023.0
2015-05-03 00:00:00+00:00,1419.8234234362446,1427.5028939614517,1415.9124085488238,1418.7972371024077,53944.0
2015-05-04 00:00:00+00:00,1418.4954875241601,1433.942505964949,1412.6123454307728,1429.464239035615,16446.0
2015-05-05 00:00:00+00:00,1429.3505417604285,1437.726476055887,1427.0780522958846,1431.3250231138159,54780.0
2015-05-06 00:00:00+00:00,1430.9145823130768,1434.9552971207022,1423.9605373580596,1429.4263546649113,51159.0
2015-05-07 00:00:00+00:00,1430.1873246259443,1435.7694859684736,1406.9666823539949,1411.7147935863727,55615.0
2015-05-08 00:00:00+00:00,1411.9466803599266,1416.1622860396278,1410.126131588201,1413.3430236288423,6471.0
2015-05-09 00:00:00+00:00,1413.9521033584158,1415.6792659951068,1405.0320856622723,1406.357304204335,26915.0
2015-05-10 00:00:00+00:00,1406.1987186653619,1413.1069891633906,1397.257263435481,1406.9497321087547,55737.0
2015-05-11 00:00:00+00:00,1407.4401615315417,1411.0808013386106,1400.4649233484477,1405.6902778880308,56983.0
2015-05-12 00:00:00+00:00,1405.6117884231423,1406.5910517673517,1399.2276413799686,1400.1064834325102,5305.0
2015-05-13 00:00:00+00:00,1400.031156411744,1406.4209478184916,1383.9785007731084,1393.7155078181843,35487.0
2015-05-14 00:00:00+00:00,1393.8862909627821,1399.5335432068787,1371.1585233029216,1378.3125203054171,21773.0
2015-05-15 00:00:00+00:00,1378.531491284584,1380.8104099285847,1360.0528963756447,1367.20945341981,10893.0
2015-05-16 00:00:00+00:00,1367.5240660839988,1371.5507599619368,1362.714975365366,1364.2008868988269,11544.0
2015-05-17 00:00:00+00:00,1364.090522641008,1366.1318600033865,1355.9261704947544,1360.2479591682084,16933.0
2015-05-18 00:00:00+00:00,1359.4444162738007,1368.674970713569,1354.042593485336,1361.6205392314034,15149.0
2015-05-19 00:00:00+00:00,1361.4534896912703,1372.631821239016,1358.1173098523686,1368.5051591480408,32014.0
2015-05-20 00:00:00+00:00,1367.055932983655,1382.740411946638,1361.6586255305924,1377.8693970141826,46888.0
2015-05-21 00:00:00+00:00,1377.7166078950456,1382.7929720942034,1369.7433272135174,1380.4903878569528,54233.0
2015-05-22 00:00:00+00:00,1380.0490635316803,1395.2627458316394,1377.5948257554262,1393.9959299469033,31005.0
2015-05-23 00:00:00+00:00,1394.451925652138,1442.1100260729283,1390.74161423733,1436.5780981717007,18912.0
2015-05-24 00:00:00+00:00,1435.038012217988,1440.4965978382836,1414.8603119204956,1419.689059247491,10620.0
2015-05-25 00:00:00+00:00,1420.8179774707914,1424.0457351902708,1410.2044561027449,1416.5851801779163,23680.0
2015-05-26 00:00:00+00:00,1416.3949322648139,1426.7786112782003,1405.6321293034953,1414.3204393200124,45606.0
2015-05-27 00:00:00+00:00,1413.4292185055722,1418.9067330421165,1400.5003146336128,1405.791089680037,51068.0
2015-05-28 00:00:00+00:00,1406.028760581177,1418.8675605877982,1394.3708910100625,1411.2109025646348,13800.0
2015-05-29 00:00:00+00:00,1411.4853902484701,1425.747596986192,1404.1806176691537,1420.250716153136,45009.0
2015-05-30 00:00:00+00:00,1420.491769371388,1462.1083661628952,1409.5240880632891,1453.1830826960368,5890.0
2015-05-31 00:00:00+00:00,1454.4396202906269,1469.2498276559013,1437.038867166805,1444.707460384671,57586.0
2015-06-01 00:00:00+00:00,1444.2331468166683,1453.2681971216373,1434.7102653973227,1442.4581013357404,13074.0
2015-06-02 00:00:00+00:00,1442.627412125762,1459.7183929114065,1432.7930664288929,1454.8571566826895,37951.0
2015-06-03 00:00:00+00:00,1454.9445946828387,1465.1246878334016,1442.3561816600397,1448.815806414024,36882.0
2015-06-04 00:00:00+00:00,1448.4258051972727,1467.3448554772776,1429.5825128988154,1449.73349959245,19854.0
2015-06-05 00:00:00+00:00,1449.9012453114015,1456.3565370431006,1434.7486007323198,1442.8568314352328,42612.0
2015-06-06 00:00:00+00:00,1443.5781539546335,1448.2780190310364,1429.443731260518,1440.3679314295982,42478.0
2015-06-07 00:00:00+00:00,1439.8827026206636,1445.1393727221737,1434.1447379862102,1438.9364949266596,26217.0
2015-06-08 00:00:00+00:00,1439.1942442731072,1456.9513051065944,1427.8135812701505,1451.0339823218824,11592.0
2015-06-09 00:00:00+00:00,1451.6137529814482,1466.314930038125,1434.876564080874,1447.4925086186333,9772.0
2015-06-10 00:00:00+00:00,1447.8680004619505,1451.9881782645168,1435.97711659398,1439.8286208926743,29756.0
2015-06-11 00:00:00+00:00,1438.9167288920207,1459.5275957752212,1431.0552539024452,1451.6607422098566,15895.0
2015-06-12 00:00:00+00:00,1451.8243803733612,1455.6119484385997,1424.8112033323105,1431.2959285578565,52656.0
2015-06-13 00:00:00+00:00,1431.0772631368256,1439.5658276321487,1428.6522300278093,1435.3964452275025,12175.0
2015-06-14 00:00:00+00:00,1436.0947238214815,1458.133615352237,1428.481928127979,1454.1379814926977,48755.0
2015-06-15 00:00:00+00:00,1454.0657542384436,1466.2778265388395,1438.0574109760505,1449.857841144271,29263.0
2015-06-16 00:00:00+00:00,1450.9872050684837,1458.4252719718543,1439.3755271169541,1446.3427939093058,46349.0
2015-06-17 00:00:00+00:00,1445.6368930051988,1451.422876378376,1437.384157128574,1448.515357579018,38790.0
2015-06-18 00:00:00+00:00,1448.8032684864659,1464.2068572457338,1445.28040298052,1457.5078046544654,40110.0
2015-06-19 00:00:00+00:00,1457.0026796502702,1476.504317426503,1444.7833921853946,1467.37200645964,18534.0
2015-06-20 00:00:00+00:00,1468.4048866007927,1473.4436522812214,1461.1746696419254,1465.6770758583345,45573.0
2015-06-21 00:00:00+00:00,1466.591017645611,1474.0067562484396,1460.221486313116,1467.8693820859958,7327.0
2015-06-22 00:00:00+00:00,1467.3323360068043,1479.9809592030772,1435.9838476093287,1453.6503890362671,21850.0
2015-06-23 00:00:00+00:00,1454.0857290026538,1460.1862372207925,1434.2549462924333,1443.7338317210094,42700.0
2015-06-24 00:00:00+00:00,1443.7107361806868,1449.6507157285816,1440.2147696131944,1444.7294559608727,45873.0
2015-06-25 00:00:00+00:00,1443.7998495267907,1457.4222100510385,1418.1244269747851,1439.4922217150747,24698.0
2015-06-26 00:00:00+00:00,1438.8972282760783,1442.3463216182417,1425.7561342155984,1431.0915970031604,23297.0
2015-06-27 00:00:00+00:00,1431.1485967246192,1457.0135462611827,1420.3297465093592,1443.4500663963856,43692.0
2015-06-28 00:00:00+00:00,1443.7461633546286,1474.7219233216422,1416.174611554771,1451.7572149873927,54255.0
2015-06-29 00:00:00+00:00,1451.5422891726635,1467.009460007336,1448.933940763833,1459.9894744620656,20534.0
2015-06-30 00:00:00+00:00,1460.1607470867752,1465.1194802920047,1454.8885342459566,1457.629869592836,48739.0
2015-07-01 00:00:00+00:00,1457.811776418468,1461.9345110288007,1449.5050617425275,1453.7648548643785,50304.0
2015-07-02 00:00:00+00:00,1453.9313553871334,1456.3149828750127,1423.1669007872938,1429.1014347292264,25990.0
2015-07-03 00:00:00+00:00,1428.431091533062,1464.8130889671731,1402.638777764924,1447.5671264756531,56242.0
2015-07-04 00:00:00+00:00,1447.6470688051047,1454.32639809996,1406.5888907068643,1423.931887589974,57485.0
2015-07-05 00:00:00+00:00,1424.2332043260496,1441.835028598754,1404.9288311964197,1420.028873701809,45484.0
2015-07-06 00:00:00+00:00,1419.1895807881438,1447.6305358125755,1410.3131856550879,1439.0386031397431,15433.0
2015-07-07 00:00:00+00:00,1439.9181105751945,1449.8652529813232,1420.263022599381,1440.961484341133,15584.0
2015-07-08 00:00:00+00:00,1441.7956294596488,1462.3465980144979,1436.5434032782048,1454.929538476276,12312.0
2015-07-09 00:00:00+00:00,1455.0242832988938,1465.977598363117,1447.0320892619761,1459.634113621376,12300.0
2015-07-10 00:00:00+00:00,1460.8442185281472,1466.5492055961056,1443.137406715949,1448.5649134462421,59936.0
2015-07-11 00:00:00+00:00,1448.104426441608,1472.2438837628472,1438.5833359616627,1446.006892471809,33520.0
2015-07-12 00:00:00+00:00,1445.4656840168784,1496.6473975659196,1438.7631146421365,1493.4507069715014,16313.0
2015-07-13 00:00:00+00:00,1493.0825416693751,1507.7620614670266,1489.7414769233794,1501.9954244148391,37572.0
2015-07-14 00:00:00+00:00,1501.5701853470175,1533.1764360700583,1493.0261458867967,1517.8486594496912,33722.0
2015-07-15 00:00:00+00:00,1518.9610084467529,1529.756177892685,1510.321384096022,1525.6767178782063,52257.0
2015-07-16 00:00:00+00:00,1525.70737441683,1544.5027412164868,1503.005925193337,1511.0237181454775,58450.0
2015-07-17 00:00:00+00:00,1510.9910306810946,1568.5226413941054,1506.095860683183,1555.0977715194904,18317.0
2015-07-18 00:00:00+00:00,1555.3240125509096,1558.4840239018451,1550.1544700786214,1552.9816987807262,13735.0
2015-07-19 00:00:00+00:00,1553.9629370968473,1600.2615485761921,1526.5785157680955,1574.125397719344,47995.0
2015-07-20 00:00:00+00:00,1574.2320881450241,1583.8723501763322,1566.2585155747988,1571.8312402237311,36349.0
2015-07-21 00:00:00+00:00,1571.59795529068,1586.372609009492,1568.7473612161127,1578.3146007739751,20043.0
2015-07-22 00:00:00+00:00,1578.486475785779,1590.1015011185675,1541.0299957396223,1549.222552347056,45018.0
2015-07-23 00:00:00+00:00,1549.99803335457,1552.997936415037,1544.7200981780854,1550.3018062850201,53682.0
2015-07-24 00:00:00+00:00,1550.179158708561,1579.567418247138,1528.0421171631142,1555.1507789384723,16145.0
2015-07-25 00:00:00+00:00,1556.0237458177835,1579.6627145841956,1530.0332483620912,1540.1158145106451,59655.0
2015-07-26 00:00:00+00:00,1540.3049745766577,1547.495877237765,1538.094689054274,1545.765389128857,27120.0
2015-07-27 00:00:00+00:00,1545.6594575255856,1571.4867373933178,1541.117543959578,1565.0030555359865,8059.0
2015-07-28 00:00:00+00:00,1565.3110218895874,1580.1033351535532,1548.9433768474019,1562.457143072026,36777.0
2015-07-29 00:00:00+00:00,1563.6834185882508,1573.9286257046429,1529.983616059902,1540.2047812505436,54842.0
2015-07-30 00:00:00+00:00,1540.0584450397869,1557.8266675398222,1522.7226607214636,1543.8651744467181,21150.0
2015-07-31 00:00:00+00:00,1544.7104021443154,1556.9265800719015,1497.0461768721493,1512.6283024100271,39390.0
2015-08-01 00:00:00+00:00,1512.9693935062382,1526.3688444063828,1487.1980125711862,1519.0273394105773,47147.0
2015-08-02 00:00:00+00:00,1519.1250247199334,1524.560586931903,1503.7037020531284,1508.0269695046363,6463.0
2015-08-03 00:00:00+00:00,1508.0602226037984,1525.1148827104128,1471.363146767281,1485.9524507784179,10479.0
2015-08-04 00:00:00+00:00,1486.438033795827,1526.1182948844985,1464.7861139796444,1514.950496635935,23399.0
2015-08-05 00:00:00+00:00,1515.3227752060247,1537.0944288412995,1494.4002800525773,1513.1294894559276,59383.0
2015-08-06 00:00:00+00:00,1513.355304989115,1528.2467770090198,1493.7046010361294,1506.6012894775872,55141.0
2015-08-07 00:00:00+00:00,1506.9969815297777,1534.0054694226485,1495.3917972626355,1515.478802036026,58067.0
2015-08-08 00:00:00+00:00,1514.9652068748396,1530.5546448904568,1498.4510738207225,1518.7912704504897,51615.0
2015-08-09 00:00:00+00:00,1518.402079779986,1528.2187501245642,1500.2074498952275,1508.522540226057,15911.0
2015-08-10 00:00:00+00:00,1507.928578078361,1526.0676241696951,1501.7927859580834,1524.6043044169628,12237.0
2015-08-11 00:00:00+00:00,1524.3995129277498,1552.2527516858415,1503.9382754999995,1530.6484552265085,48275.0
2015-08-12 00:00:00+00:00,1530.5238884613377,1539.8629278023313,1525.762466118769,1532.6589756059911,57847.0
2015-08-13 00:00:00+00:00,1532.438762911381,1548.9699324465078,1524.9634943641017,1531.0305102459151,16873.0
2015-08-14 00:00:00+00:00,1531.3568949090982,1548.2057386763772,1491.1285624718657,1516.5312220422416,57388.0
2015-08-15 00:00:00+00:00,1515.9665191753286,1525.9322119126623,1509.8242442702322,1514.4113138539303,39858.0
2015-08-16 00:00:00+00:00,1514.2690797211135,1545.3217643415046,1491.6059218554517,1538.7156906711846,51831.0
2015-08-17 00:00:00+00:00,1539.2458697027496,1556.6292690595462,1518.0736706883986,1523.0665156349992,36668.0
2015-08-18 00:00:00+00:00,1524.0836242715582,1542.6091694114602,1516.261168032515,1525.2532085636833,38664.0
2015-08-19 00:00:00+00:00,1525.288682975687,1548.521287714433,1495.60580221686,1541.693488731191,50131.0
2015-08-20 00:00:00+00:00,1542.4281255494634,1552.712388038887,1532.0610685299878,1546.9403872711973,38826.0
2015-08-21 00:00:00+00:00,1547.7818799309894,1564.913979519213,1522.8860212190973,1530.6836247474628,36952.0
2015-08-22 00:00:00+00:00,1530.0720404003996,1551.8049279546199,1510.6159878587407,1529.3681858656507,31718.0
2015-08-23 00:00:00+00:00,1529.5176665315025,1555.3715031483982,1524.3191115721638,1545.9480920372405,26823.0
2015-08-24 00:00:00+00:00,1545.3118468104265,1552.8666941691827,1466.7807442859637,1469.3845609518687,5414.0
2015-08-25 00:00:00+00:00,1469.1624265026514,1488.932937556311,1458.1312466293273,1464.37456234936,47072.0
2015-08-26 00:00:00+00:00,1464.6130837378535,1500.0107816546886,1446.7716899551542,1493.7989404247396,35856.0
2015-08-27 00:00:00+00:00,1493.0550299791573,1517.6999644669195,1486.223802832303,1497.9062274141918,11729.0
2015-08-28 00:00:00+00:00,1498.223834396937,1513.9920452406843,1494.9480800090769,1509.778732416556,59788.0
2015-08-29 00:00:00+00:00,1509.698310909751,1539.8933140808963,1492.2925473855707,1531.1183451439895,18801.0
2015-08-30 00:00:00+00:00,1530.9750865787048,1550.975291703118,1518.5103655848613,1543.1520268758736,48587.0
2015-08-31 00:00:00+00:00,1543.4807399155338,1564.3885985116567,1517.9263838963757,1539.627571857578,42404.0
2015-09-01 00:00:00+00:00,1539.1308243199485,1562.9666634870007,1524.0224648109695,1550.424527966774,33514.0
2015-09-02 00:00:00+00:00,1549.3917731778033,1592.8269835016533,1521.0216124339784,1567.0212050841658,55634.0
2015-09-03 00:00:00+00:00,1567.0414864837478,1581.920927817299,1555.837126759316,1568.3366299186957,7442.0
2015-09-04 00:00:00+00:00,1567.893775830368,1578.4289729693646,1538.1405201785544,1563.8703294989793,7468.0
2015-09-05 00:00:00+00:00,1563.7499441943744,1579.5652872404548,1505.294794880492,1527.204461962597,55555.0
2015-09-06 00:00:00+00:00,1526.543977936721,1531.079314902127,1492.3926762788867,1495.6241663732803,9897.0
2015-09-07 00:00:00+00:00,1495.0729932847462,1528.7669252495812,1474.356341086458,1511.2946559596246,13750.0
2015-09-08 00:00:00+00:00,1510.6832779806716,1519.272486228619,1499.0952143180516,1510.6874735922124,59628.0
2015-09-09 00:00:00+00:00,1509.9262194981545,1520.0473371437174,1504.9280562958475,1512.945261146976,40231.0
2015-09-10 00:00:00+00:00,1512.460303226275,1522.396675283017,1476.5637933178414,1494.160730884566,34657.0
2015-09-11 00:00:00+00:00,1493.6990591050594,1501.5987527041475,1491.0514124818164,1498.5873902722058,40153.0
2015-09-12 00:00:00+00:00,1498.6029537573922,1507.321608925763,1491.9104363899994,1494.6145704926287,29938.0
2015-09-13 00:00:00+00:00,1496.4759821151636,1506.2301874597772,1461.2533475516375,1476.518290368264,34871.0
2015-09-14 00:00:00+00:00,1476.1581589777645,1489.8314545436708,1467.469966861672,1477.1004083022565,50373.0
2015-09-15 00:00:00+00:00,1476.1754405525262,1490.1976620195849,1429.3100794164757,1442.0424275022915,19533.0
2015-09-16 00:00:00+00:00,1442.3692362432107,1456.6569300946344,1414.8131157188648,1423.9630508931398,43482.0
2015-09-17 00:00:00+00:00,1423.2700465570645,1438.7235428372649,1316.9496409412,1321.3666001429838,35206.0
2015-09-18 00:00:00+00:00,1320.9009074009282,1330.8116276134633,1308.11746629572,1323.6477707854922,16961.0
2015-09-19 00:00:00+00:00,1323.4665387938321,1342.1980612505233,1320.3344719074191,1331.158870956516,34921.0
2015-09-20 00:00:00+00:00,1331.1778177280548,1340.4600709758847,1327.4199753233456,1331.0653102661624,37482.0
2015-09-21 00:00:00+00:00,1331.0988547806255,1342.9088845694234,1306.6823614792643,1327.1316039952123,42828.0
2015-09-22 00:00:00+00:00,1327.255088456575,1357.5751034967525,1315.4595525344973,1352.786357623751,33140.0
2015-09-23 00:00:00+00:00,1352.719906663424,1362.1087922503568,1340.874348068825,1350.82497291036,40390.0
2015-09-24 00:00:00+00:00,1351.4084068679256,1364.6015351864758,1342.068858615866,1360.614613022176,25450.0
2015-09-25 00:00:00+00:00,1361.059069766813,1400.9753965416214,1347.0749000047153,1383.4083241942226,36239.0
2015-09-26 00:00:00+00:00,1383.108179586104,1418.699228059674,1365.6306710512172,1404.525064950985,6220.0
2015-09-27 00:00:00+00:00,1404.4017956395064,1411.9077076553515,1365.6452161778634,1385.964023922593,5515.0
2015-09-28 00:00:00+00:00,1385.2211677834375,1409.6540511282428,1380.9603598941528,1406.8466105049754,19062.0
2015-09-29 00:00:00+00:00,1407.2058812895175,1440.3270752767612,1387.341369389167,1433.2828961859136,46612.0
2015-09-30 00:00:00+00:00,1433.1606591144616,1456.7409391319666,1422.1371081483046,1435.9217526588193,28733.0
2015-10-01 00:00:00+00:00,1436.9894370254133,1450.9724269832236,1423.7051696866781,1440.3912345434362,45901.0
2015-10-02 00:00:00+00:00,1440.0011624886195,1463.2670295854837,1431.7803909781385,1437.0823990591596,29929.0
2015-10-03 00:00:00+00:00,1437.9317728001176,1444.7457016590492,1426.6665624826376,1438.0832157267732,16541.0
2015-10-04 00:00:00+00:00,1437.5584281700167,1453.8310082653932,1426.7558680621098,1435.5097318523883,58842.0
2015-10-05 00:00:00+00:00,1434.5558078271963,1450.190662913561,1412.5659170225579,1422.8475710908108,58638.0
2015-10-06 00:00:00+00:00,1422.3621572948057,1434.7438718301198,1404.0416962180846,1418.697744990936,34753.0
2015-10-07 00:00:00+00:00,1418.8810618794557,1423.6886052484451,1414.903789647574,1420.6439252070072,18418.0
2015-10-08 00:00:00+00:00,1421.2035194594152,1437.3048847979903,1358.9822043416416,1375.6255880450465,58775.0
2015-10-09 00:00:00+00:00,1375.1464896054183,1397.0610305608193,1365.7546718974859,1384.2501805689433,54107.0
2015-10-10 00:00:00+00:00,1384.7678650680755,1409.196123515516,1376.4831584125725,1385.4899189245523,39800.0
2015-10-11 00:00:00+00:00,1385.1986712434457,1392.524142110536,1363.6745555291934,1380.446172713198,11752.0
2015-10-12 00:00:00+00:00,1380.1605866758994,1383.3079938555436,1363.6596539642721,1374.0558439353001,37724.0
2015-10-13 00:00:00+00:00,1373.8857367038536,1380.7572149238001,1364.024591705355,1368.058395890763,12915.0
2015-10-14 00:00:00+00:00,1368.9359898426728,1375.3201074563963,1342.8689087003938,1344.9473715994777,49259.0
2015-10-15 00:00:00+00:00,1345.0352884710744,1347.3811279566328,1322.781414334331,1325.0756775533682,54140.0
2015-10-16 00:00:00+00:00,1325.2262730516343,1340.155780933456,1311.42627689662,1322.5154392723691,50531.0
2015-10-17 00:00:00+00:00,1321.724859049704,1325.091097065529,1308.7408022342922,1314.918582623572,31274.0
2015-10-18 00:00:00+00:00,1314.9960373693245,1319.7175119084275,1304.8967043627822,1315.1715770264602,5532.0
2015-10-19 00:00:00+00:00,1315.3069870356599,1328.5328158427392,1292.430495907897,1301.4033085105043,52626.0
2015-10-20 00:00:00+00:00,1302.2266902925312,1315.143113502651,1299.3157272390026,1306.8995009600303,17443.0
2015-10-21 00:00:00+00:00,1306.4458008058327,1314.467962376347,1295.0647990348814,1306.6424187939542,39908.0
2015-10-22 00:00:00+00:00,1306.2727212704672,1317.0273997210227,1293.4258730216743,1299.19035294049,53683.0
2015-10-23 00:00:00+00:00,1298.7147537737587,1304.096710794539,1295.4816910767845,1300.2911763715067,45876.0
2015-10-24 00:00:00+00:00,1299.9510727562654,1305.898106864557,1296.6177907655479,1298.698532556737,48132.0
2015-10-25 00:00:00+00:00,1299.0308837854636,1321.2166769793694,1287.911020633059,1309.5368606929976,46991.0
2015-10-26 00:00:00+00:00,1309.1192475325945,1314.5262461826192,1295.8264712477558,1299.1864274087795,47641.0
2015-10-27 00:00:00+00:00,1299.8261387128603,1344.8667330188468,1296.954600598639,1334.0935248873516,54438.0
2015-10-28 00:00:00+00:00,1334.1010192948872,1349.456976500812,1330.2237874573132,1338.3917681462872,23063.0
2015-10-29 00:00:00+00:00,1337.9036805176706,1343.647216860346,1333.1192711976348,1339.5156805494003,55227.0
2015-10-30 00:00:00+00:00,1339.1637691190072,1346.3119033099251,1336.5330128065445,1345.2553261502558,43409.0
2015-10-31 00:00:00+00:00,1344.5218512644856,1347.0767324117958,1338.4779484331236,1341.9015467387612,23106.0
2015-11-01 00:00:00+00:00,1341.1285275352852,1373.6029541804453,1335.9734179492837,1361.695062008799,46630.0
2015-11-02 00:00:00+00:00,1362.2972374802448,1371.244711118617,1356.0939044233583,1368.7422625327542,28921.0
2015-11-03 00:00:00+00:00,1369.201923734609,1377.102308776191,1353.808489940278,1366.444879190988,15040.0
2015-11-04 00:00:00+00:00,1365.907509005694,1370.1607961646043,1363.2286422080574,1367.648330899676,50982.0
2015-11-05 00:00:00+00:00,1367.3944678847017,1390.6863553719566,1355.0565247038212,1385.5682129985992,58999.0
2015-11-06 00:00:00+00:00,1386.4253424474507,1395.9284096787615,1369.01445467776,1382.895615407513,25009.0
2015-11-07 00:00:00+00:00,1382.4898728905846,1404.8820291562167,1372.587195889506,1397.3064191818426,47078.0
2015-11-08 00:00:00+00:00,1397.4141865971276,1412.9079646068224,1384.530015607426,1395.1595170732076,46696.0
2015-11-09 00:00:00+00:00,1395.4228920727496,1399.0423719908597,1369.57978670946,1379.063538215554,48234.0
2015-11-10 00:00:00+00:00,1378.941658297748,1395.6797354168411,1360.1545298173976,1364.2238997744582,57709.0
2015-11-11 00:00:00+00:00,1364.1092285409538,1372.9662904606141,1356.1692983430785,1361.2442157702365,51882.0
2015-11-12 00:00:00+00:00,1361.049703433309,1365.3655599441533,1347.1040436669234,1350.5377703407949,36225.0
2015-11-13 00:00:00+00:00,1350.585739775626,1360.8868096314682,1347.8302659489818,1358.9302329320633,17894.0
2015-11-14 00:00:00+00:00,1358.0841154275877,1371.6625126624497,1351.9296162319697,1367.7734196708116,43534.0
2015-11-15 00:00:00+00:00,1367.7836283674671,1375.589843208103,1360.4404614821342,1372.7302436657249,49579.0
2015-11-16 00:00:00+00:00,1372.812178583587,1403.2813296710701,1368.3562996985634,1400.1698094019303,25995.0
2015-11-17 00:00:00+00:00,1399.426931766104,1403.9461533666802,1381.3982509588125,1387.8835738714488,16825.0
2015-11-18 00:00:00+00:00,1388.1124896166593,1396.5080645509245,1364.4681799683935,1375.2212728115771,49926.0
2015-11-19 00:00:00+00:00,1374.703201363713,1381.2152501316255,1371.4039023295888,1374.271620896099,45027.0
2015-11-20 00:00:00+00:00,1372.8430917522405,1392.1977922909869,1367.500378521784,1386.8605656415657,45002.0
2015-11-21 00:00:00+00:00,1385.7903561358746,1398.5886054719301,1362.1072157599513,1377.521314575766,51397.0
2015-11-22 00:00:00+00:00,1377.5557209077974,1400.479380339718,1372.8134506028532,1392.8703033675085,9003.0
2015-11-23 00:00:00+00:00,1393.158309760189,1413.4463072709832,1389.344754921148,1411.0953365980943,51811.0
2015-11-24 00:00:00+00:00,1410.8401076468692,1414.4527552929167,1391.4348361011844,1404.286116901587,27679.0
2015-11-25 00:00:00+00:00,1403.4676860855604,1416.6567529987306,1392.997184208992,1405.3654070125458,16537.0
2015-11-26 00:00:00+00:00,1405.2566691326938,1410.8953850153182,1402.2513619958906,1407.8428220080266,27648.0
2015-11-27 00:00:00+00:00,1408.3286828573534,1423.5848665250717,1388.0425748156315,1395.5354421838597,48264.0
2015-11-28 00:00:00+00:00,1395.4903977523002,1399.7072074895502,1374.5328527756863,1378.1319457425568,51516.0
2015-11-29 00:00:00+00:00,1377.3181462944276,1394.0533360938243,1366.5212768742394,1390.7834995961962,14411.0
2015-11-30 00:00:00+00:00,1391.017612342503,1404.0598534980802,1381.1197264148777,1394.6445793492603,24022.0
2015-12-01 00:00:00+00:00,1394.5142238582384,1403.0495904275458,1385.532980927154,1399.479011858345,27135.0
2015-12-02 00:00:00+00:00,1399.3626802013475,1400.745174962319,1385.291768865204,1390.7119408313094,10325.0
2015-12-03 00:00:00+00:00,1390.7242050883976,1395.0144926943744,1384.7314053188304,1391.22673706622,10283.0
2015-12-04 00:00:00+00:00,1391.5112590256206,1401.5223802656615,1380.7823446492691,1389.3729641450584,55408.0
2015-12-05 00:00:00+00:00,1389.292598270373,1391.6866635339547,1378.184989449749,1382.6673044969336,5571.0
2015-12-06 00:00:00+00:00,1382.1246440898642,1396.0036765049977,1368.280112093872,1380.794587084103,20303.0
2015-12-07 00:00:00+00:00,1380.713346639612,1388.092804163959,1375.2375760957384,1379.6161136486076,48860.0
2015-12-08 00:00:00+00:00,1379.6667332406291,1385.1404470659852,1373.2370527531405,1380.8116485615287,45875.0
2015-12-09 00:00:00+00:00,1381.4281888528087,1394.4323802702888,1377.2052090776497,1382.721765186104,24983.0
2015-12-10 00:00:00+00:00,1382.0367718215912,1399.0838526660416,1380.4803916406686,1396.7614737534293,36788.0
2015-12-11 00:00:00+00:00,1396.663499248996,1399.5882347180882,1384.4406578573419,1390.1715547557128,32987.0
2015-12-12 00:00:00+00:00,1389.6722812858095,1403.5790063138468,1386.390359641993,1399.00819518177,29150.0
2015-12-13 00:00:00+00:00,1399.1332538568558,1422.2912857918195,1391.3976907743945,1414.330970842137,55210.0
2015-12-14 00:00:00+00:00,1414.0061067242214,1431.5744303943557,1408.7471305394336,1426.2556766138757,21417.0
2015-12-15 00:00:00+00:00,1424.5131384355832,1436.9087017543545,1416.8712657991703,1429.202628603792,26146.0
2015-12-16 00:00:00+00:00,1429.7125681686846,1441.1031428991196,1424.7674512948367,1436.277661445283,43218.0
2015-12-17 00:00:00+00:00,1435.8814886447997,1449.136500021112,1433.5243118663168,1445.290757468722,39497.0
2015-12-18 00:00:00+00:00,1444.6485561499392,1447.3475330907008,1435.5421429660769,1439.663381844414,48629.0
2015-12-19 00:00:00+00:00,1438.7896793662426,1443.2475347072454,1426.101093210788,1432.8326276622815,44813.0
2015-12-20 00:00:00+00:00,1432.209254279343,1435.318634860987,1424.9482114196373,1428.6957334171718,50159.0
2015-12-21 00:00:00+00:00,1427.9463577372815,1431.7993953050347,1422.0716023415625,1423.9303127843941,38559.0
2015-12-22 00:00:00+00:00,1423.8252953057126,1430.4589131207158,1420.3177639653532,1424.4899838272522,34382.0
2015-12-23 00:00:00+00:00,1424.546783451721,1429.9955117689535,1412.7522044352415,1419.6759299416992,47911.0
2015-12-24 00:00:00+00:00,1419.608388941269,1422.1789191151165,1408.5401238558677,1416.7901680252426,10689.0
2015-12-25 00:00:00+00:00,1416.9647215885186,1420.823549866051,1410.128276463298,1418.719080204182,32240.0
2015-12-26 00:00:00+00:00,1418.2326424775463,1423.0143230154051,1409.5123907525824,1416.5329149034521,13633.0
2015-12-27 00:00:00+00:00,1416.8433170283756,1425.3685699750674,1404.9945980937396,1421.893757967448,31398.0
2015-12-28 00:00:00+00:00,1421.8112767344003,1429.2959548039314,1417.3198294415456,1426.6550584670974,15010.0
2015-12-29 00:00:00+00:00,1426.8784540122115,1432.3480424052602,1412.4232006686846,1415.169479301181,24763.0
2015-12-30 00:00:00+00:00,1415.4857960393922,1418.1632151527583,1409.0118074809423,1413.2800675142216,25567.0
2015-12-31 00:00:00+00:00,1413.052469944054,1423.5574586581563,1406.4426295101887,1416.9469539609604,36039.0
2016-01-01 00:00:00+00:00,1417.610672351529,1428.8488527916347,1411.4828554330572,1427.0485308318387,56810.0
2016-01-02 00:00:00+00:00,1427.470865078726,1436.5762326048698,1423.8759545062396,1434.4570739710514,58066.0
2016-01-03 00:00:00+00:00,1434.2034892032636,1442.7554446978445,1429.038186983259,1439.0055050391527,13747.0
2016-01-04 00:00:00+00:00,1439.9723369179665,1450.5990601904473,1430.711700847496,1434.515785718151,57736.0
2016-01-05 00:00:00+00:00,1435.4268787335402,1439.8312232307912,1426.831592575618,1430.3170848505415,39863.0
2016-01-06 00:00:00+00:00,1429.4344065954995,1440.0892555647024,1417.6364442947008,1430.6108733514693,47735.0
2016-01-07 00:00:00+00:00,1429.3297694683865,1437.7190275647947,1427.1721905406507,1435.0581626898397,19349.0
2016-01-08 00:00:00+00:00,1434.6875037831387,1454.1444967654318,1430.4138406251175,1448.3889955259046,16250.0
2016-01-09 00:00:00+00:00,1448.6297055917732,1460.1793515752647,1433.715688145702,1449.6298503265364,28485.0
2016-01-10 00:00:00+00:00,1450.1376348791468,1458.2084207296082,1445.537585514589,1452.3498311548942,5487.0
2016-01-11 00:00:00+00:00,1452.7043777739714,1474.423648474919,1444.6321429315951,1469.6934524882718,46342.0
2016-01-12 00:00:00+00:00,1469.663569216028,1487.014574040007,1451.4029231733596,1470.033805185615,57978.0
2016-01-13 00:00:00+00:00,1470.5682046799516,1511.1923347203751,1467.0040987290017,1506.6470921080095,47475.0
2016-01-14 00:00:00+00:00,1507.0451277157663,1528.2098493384096,1499.1543414692844,1514.431929626097,38261.0
2016-01-15 00:00:00+00:00,1514.1506543129506,1516.2590972257888,1483.2380571135411,1490.0077800050456,47930.0
2016-01-16 00:00:00+00:00,1490.0939395237713,1509.5234887253882,1485.161950144834,1497.25430551736,52421.0
2016-01-17 00:00:00+00:00,1497.8561928351269,1508.4911369404174,1483.8012448074498,1502.821559813269,58170.0
2016-01-18 00:00:00+00:00,1502.4261603629254,1537.1241500668061,1485.7602757297916,1526.7678462657177,59141.0
2016-01-19 00:00:00+00:00,1526.3727775154425,1531.0987845086347,1522.9858896635797,1527.2874336684424,44053.0
2016-01-20 00:00:00+00:00,1526.7683798875657,1533.1852488057787,1522.1543900617744,1531.2107969897418,49362.0
2016-01-21 00:00:00+00:00,1532.064905750017,1544.0631601255152,1525.3819803713764,1535.0423328612044,15602.0
2016-01-22 00:00:00+00:00,1535.425368304487,1549.7971205552094,1522.759285315089,1532.6210379380316,12934.0
2016-01-23 00:00:00+00:00,1533.1072316517289,1539.771018341409,1531.2267410417594,1535.4934130449847,57281.0
2016-01-24 00:00:00+00:00,1535.2512609418995,1540.545796581731,1526.829518551075,1534.7057193165701,54517.0
2016-01-25 00:00:00+00:00,1534.6704943242487,1545.0018034659486,1522.406293336817,1537.7560365766262,19875.0
2016-01-26 00:00:00+00:00,1538.4668614593809,1547.3650302032943,1526.051838529613,1535.3124008350533,50006.0
2016-01-27 00:00:00+00:00,1535.1270121121163,1541.4783080446846,1531.2157183930444,1538.9371282198551,27736.0
2016-01-28 00:00:00+00:00,1539.6301338657524,1546.2157566627943,1531.518402459549,1540.8449531232143,20403.0
2016-01-29 00:00:00+00:00,1540.8150563686333,1557.0974398854175,1502.922278376823,1520.8435188541355,55843.0
2016-01-30 00:00:00+00:00,1520.812490404632,1526.4650400042012,1501.215251141359,1502.7925841008316,49598.0
2016-01-31 00:00:00+00:00,1503.1005695248189,1509.268491506023,1486.584456202038,1497.6404306701718,30031.0
2016-02-01 00:00:00+00:00,1498.1255044483833,1518.7684916178282,1489.5689496219284,1515.3495745542723,9350.0
2016-02-02 00:00:00+00:00,1516.3708970270873,1527.4136319140866,1498.7805376888386,1506.9129352186185,37002.0
2016-02-03 00:00:00+00:00,1506.6933391851092,1516.0892445432094,1503.1542597358548,1511.4700507305784,32313.0
2016-02-04 00:00:00+00:00,1512.4492503637314,1517.0914359709705,1492.9938285017554,1506.2709148143142,39199.0
2016-02-05 00:00:00+00:00,1505.8087511536812,1515.3702835127892,1492.9907097756889,1500.8995189786292,49602.0
2016-02-06 00:00:00+00:00,1500.3813763384005,1532.9926736982507,1496.375479557719,1528.236262149383,24365.0
2016-02-07 00:00:00+00:00,1526.888485455268,1558.8237005252913,1518.9292467460582,1550.8608378265783,48146.0
2016-02-08 00:00:00+00:00,1551.3544042147462,1563.0448583348339,1541.7273777448959,1554.9689807923214,24455.0
2016-02-09 00:00:00+00:00,1555.8516099090812,1556.889556375609,1537.1693949616385,1541.1605611471061,30219.0
2016-02-10 00:00:00+00:00,1540.4254417049635,1561.7813781047648,1538.3006727704899,1555.1462181889972,30788.0
2016-02-11 00:00:00+00:00,1554.9351725811398,1563.7602025475271,1551.7912024518275,1559.0904079651932,10576.0
2016-02-12 00:00:00+00:00,1558.9194537314058,1579.0041745828246,1554.5421462952013,1571.3693963879166,23257.0
2016-02-13 00:00:00+00:00,1570.4024736908534,1578.6937218361318,1566.9054252206747,1577.726327683085,31536.0
2016-02-14 00:00:00+00:00,1577.7550887810241,1595.4926423997028,1563.1688203503059,1584.3094114410403,25624.0
2016-02-15 00:00:00+00:00,1584.480373807195,1599.4039646668843,1576.3614170625674,1594.4841921153309,12953.0
2016-02-16 00:00:00+00:00,1594.1587693150423,1601.5619972601603,1588.812653408307,1590.855611213862,32612.0
2016-02-17 00:00:00+00:00,1590.20910339198,1592.8184540553955,1563.3310464983178,1566.5566717384738,32183.0
2016-02-18 00:00:00+00:00,1566.6248914566083,1581.279056231882,1550.756298402072,1567.3346773237836,15458.0
2016-02-19 00:00:00+00:00,1567.6854392209966,1575.5569250187825,1560.9184486416293,1567.1293842437076,27569.0
2016-02-20 00:00:00+00:00,1566.2520857815607,1575.0004177234232,1555.8283039398182,1571.487320783412,58932.0
2016-02-21 00:00:00+00:00,1571.4129967622848,1592.8862038053599,1559.8152116542828,1575.0299288193858,57405.0
2016-02-22 00:00:00+00:00,1575.3610529544055,1580.5631253651873,1562.2051576302727,1572.1030271155714,15595.0
2016-02-23 00:00:00+00:00,1570.3714243624047,1586.994398399641,1564.7956372817878,1576.8052898812664,14471.0
2016-02-24 00:00:00+00:00,1576.9909498846532,1583.6203850111317,1568.8304597182496,1579.069994221263,58248.0
2016-02-25 00:00:00+00:00,1580.115549619515,1587.8135152739274,1561.671606439505,1566.6723433268926,48544.0
2016-02-26 00:00:00+00:00,1565.875215930007,1585.870425097123,1554.0007368918725,1570.9076748031955,47181.0
2016-02-27 00:00:00+00:00,1571.6963270201381,1576.024127931701,1542.6705023424354,1550.07008386349,7157.0
2016-02-28 00:00:00+00:00,1549.8799675353193,1568.021355561718,1533.7225957893927,1541.2223840605727,24140.0
2016-02-29 00:00:00+00:00,1541.57439800582,1544.982119795183,1529.6912147620137,1533.8704932177168,6602.0
2016-03-01 00:00:00+00:00,1533.7633163178173,1539.6671770506275,1516.1083951816804,1520.35251478184,13887.0
2016-03-02 00:00:00+00:00,1519.6634007610196,1552.4284038159758,1516.0030535421204,1548.9934678806324,11252.0
2016-03-03 00:00:00+00:00,1547.9466702236905,1559.2702708266627,1527.5727556433392,1544.0079517068714,41261.0
2016-03-04 00:00:00+00:00,1545.4344804127659,1558.0393389962428,1539.3586174989255,1553.8012109010972,5030.0
2016-03-05 00:00:00+00:00,1552.9783438884651,1560.876243573196,1542.7417397973913,1552.875444614341,50924.0
2016-03-06 00:00:00+00:00,1552.7000490568885,1572.7614293797274,1540.3295511922456,1565.5642739333712,57228.0
2016-03-07 00:00:00+00:00,1566.4251349553663,1578.1304869134647,1537.711896305557,1554.9229180099328,57472.0
2016-03-08 00:00:00+00:00,1555.09669255079,1577.1824375099918,1549.62770702418,1569.2198673464266,13581.0
2016-03-09 00:00:00+00:00,1569.3163513309944,1587.3270169070875,1557.1786723372018,1571.6208345085781,27989.0
2016-03-10 00:00:00+00:00,1570.3746098315094,1578.9241028634244,1564.1094077235382,1574.26039742061,49108.0
2016-03-11 00:00:00+00:00,1573.8699093828322,1583.9382022391865,1565.1622698840342,1569.3266261640733,24555.0
2016-03-12 00:00:00+00:00,1568.5005835632867,1581.407723915516,1554.8936341423637,1570.6672783248364,8899.0
2016-03-13 00:00:00+00:00,1569.556619198941,1577.9759076738821,1558.0910266037274,1570.2623094860478,10038.0
2016-03-14 00:00:00+00:00,1570.474982019999,1571.883207961683,1555.0338726163313,1557.5947839640153,56512.0
2016-03-15 00:00:00+00:00,1558.0905946526132,1563.665742365811,1482.693091082379,1490.4668222609482,17403.0
2016-03-16 00:00:00+00:00,1490.0089572459779,1492.1445961445527,1473.9063810218095,1478.505708049964,50997.0
2016-03-17 00:00:00+00:00,1478.1209743326135,1486.4193469379388,1475.027459232665,1483.17411142677,44431.0
2016-03-18 00:00:00+00:00,1483.4145245821435,1492.2583044722446,1481.5036217595398,1489.9925174074635,52844.0
2016-03-19 00:00:00+00:00,1490.4959108450225,1503.3653846134398,1484.5365642550016,1500.2311190990133,36668.0
2016-03-20 00:00:00+00:00,1499.6028829893523,1505.87080189222,1490.1124743564621,1492.8907665991132,37920.0
2016-03-21 00:00:00+00:00,1493.5647618423498,1497.8727088158148,1485.6572726506934,1492.9105668538718,50568.0
2016-03-22 00:00:00+00:00,1493.448626533762,1502.816443386873,1481.664066688181,1492.2675706624668,46936.0
2016-03-23 00:00:00+00:00,1492.2612639857125,1511.1994151342483,1488.1673641132734,1500.0165790813508,59165.0
2016-03-24 00:00:00+00:00,1499.3560943681553,1511.533837845953,1493.7460999056918,1501.1342834134643,33330.0
2016-03-25 00:00:00+00:00,1501.4582706740218,1513.467908936323,1492.5358157347155,1505.8306227459211,32250.0
2016-03-26 00:00:00+00:00,1506.228305216574,1512.7983501273761,1498.3741969189573,1502.8494327733315,33292.0
2016-03-27 00:00:00+00:00,1503.8743321602635,1505.1045085692442,1495.9437014189343,1499.7428316575624,5097.0
2016-03-28 00:00:00+00:00,1499.381816757847,1500.7884216793123,1483.4908229814503,1487.2725645136095,39030.0
2016-03-29 00:00:00+00:00,1488.1858747945291,1497.0964629756988,1486.2413811334231,1490.4036038009135,27472.0
2016-03-30 00:00:00+00:00,1490.1893116803558,1496.8515565265977,1471.810489094224,1484.5552592124932,30014.0
2016-03-31 00:00:00+00:00,1484.8531590608948,1496.9693676781435,1482.2540063350173,1493.8892816533025,30010.0
2016-04-01 00:00:00+00:00,1493.8150149293178,1499.6698505882537,1491.2364402144221,1495.9773158918454,19459.0
2016-04-02 00:00:00+00:00,1496.0179573716046,1501.7368569741516,1482.4225460610955,1491.1987109436063,35498.0
2016-04-03 00:00:00+00:00,1492.0474265553285,1499.300689375472,1487.3950757580956,1493.5730607172254,12985.0
2016-04-04 00:00:00+00:00,1493.1651750078702,1497.6462472107357,1491.6241777746,1495.0069162741283,31920.0
2016-04-05 00:00:00+00:00,1495.483948702149,1505.9105904797295,1481.4194667765992,1492.4711577712908,25478.0
2016-04-06 00:00:00+00:00,1492.3061220516095,1493.4368166683937,1484.390995176558,1486.199412837408,15793.0
2016-04-07 00:00:00+00:00,1486.1701593066282,1496.0629250957481,1480.260834418996,1488.3918749213974,44767.0
2016-04-08 00:00:00+00:00,1487.9662123985086,1496.020023839512,1486.3605416602581,1491.7808678400645,43869.0
2016-04-09 00:00:00+00:00,1491.8894987048113,1493.9376337395806,1482.3860500613043,1487.7009586222778,59025.0
2016-04-10 00:00:00+00:00,1486.5303037306135,1499.7258625614254,1474.1391546827044,1488.215266221971,13775.0
2016-04-11 00:00:00+00:00,1488.0562254969832,1498.1122193518743,1482.152755590761,1487.8023224301082,41472.0
2016-04-12 00:00:00+00:00,1488.3844161950387,1497.962656371226,1480.8020044179466,1487.774861043878,29478.0
2016-04-13 00:00:00+00:00,1488.2576889531697,1507.7475358734632,1486.8742725278728,1502.4445024848224,59620.0
2016-04-14 00:00:00+00:00,1501.4807269988341,1524.1902614040596,1486.924131762593,1514.8724593657514,24053.0
2016-04-15 00:00:00+00:00,1514.198786573751,1528.0766785358899,1510.6381215305573,1521.73511705344,43004.0
2016-04-16 00:00:00+00:00,1521.481009325517,1534.1042709560797,1516.706548365723,1531.8503853819066,46273.0
2016-04-17 00:00:00+00:00,1532.9682952437445,1541.1410614339352,1529.203394999039,1534.205467252038,21873.0
2016-04-18 00:00:00+00:00,1533.9408943786204,1538.9514332478782,1530.3996775952967,1533.539864130267,23376.0
2016-04-19 00:00:00+00:00,1533.5271224729597,1547.8017879287406,1519.5117161404241,1537.315254120376,11386.0
2016-04-20 00:00:00+00:00,1537.1600483323175,1544.2594332384208,1532.2140714770023,1534.9441047572068,12188.0
2016-04-21 00:00:00+00:00,1535.120234676663,1541.1219378479645,1520.6679809480434,1523.158626746891,56617.0
2016-04-22 00:00:00+00:00,1522.607447962248,1526.9485829258642,1513.3044689845444,1516.8088492525023,24768.0
2016-04-23 00:00:00+00:00,1516.9563312787113,1534.844900623506,1512.4612299396904,1530.8400234520777,50072.0
2016-04-24 00:00:00+00:00,1531.1195092685316,1533.493071574759,1518.8454484071199,1520.3013548155461,55095.0
2016-04-25 00:00:00+00:00,1520.9176272426355,1528.397177386644,1489.011790499829,1494.9489315609871,10327.0
2016-04-26 00:00:00+00:00,1494.4253414888533,1504.1157779085572,1492.01202490248,1499.9398192372998,50555.0
2016-04-27 00:00:00+00:00,1500.465577739997,1505.9792062005308,1496.5184963524657,1503.5679172052169,30862.0
2016-04-28 00:00:00+00:00,1504.6982128605305,1519.9986750086257,1498.9763664563243,1517.066963048642,59475.0
2016-04-29 00:00:00+00:00,1517.5322504424928,1529.860606974613,1501.0437461652714,1510.0482923523914,14783.0
2016-04-30 00:00:00+00:00,1510.449591430657,1527.5703902247467,1502.2320047009102,1524.9628146631846,36313.0
2016-05-01 00:00:00+00:00,1523.4928104437008,1549.096251063011,1519.721132838708,1540.105838985301,53101.0
2016-05-02 00:00:00+00:00,1540.9114652755488,1547.4914139097446,1527.8051452943134,1531.3123209057374,30154.0
2016-05-03 00:00:00+00:00,1532.461715245124,1538.8598124325215,1513.851685626535,1519.9456674797016,22732.0
2016-05-04 00:00:00+00:00,1520.670965712245,1527.2399274429758,1511.8937827279703,1521.4986541865712,16417.0
2016-05-05 00:00:00+00:00,1521.797427074054,1539.1781840288193,1512.7852488548906,1529.719726609123,48200.0
2016-05-06 00:00:00+00:00,1530.2154878134115,1533.6748017744624,1517.5069930167624,1526.3292542170964,8513.0
2016-05-07 00:00:00+00:00,1528.1302337435563,1539.2541616306178,1523.1775385442775,1534.455712182198,51508.0
2016-05-08 00:00:00+00:00,1534.0216396650535,1540.423026430015,1528.727179366373,1531.6973523607237,53268.0
2016-05-09 00:00:00+00:00,1531.4501083996583,1534.6102852103543,1522.0184127211733,1530.0231521034084,26498.0
2016-05-10 00:00:00+00:00,1530.6835771195904,1538.8555288451648,1520.5923684334948,1523.66456518709,36762.0
2016-05-11 00:00:00+00:00,1523.8148523483865,1527.0818921332216,1512.974850420138,1520.2599187372177,24082.0
2016-05-12 00:00:00+00:00,1518.961309003723,1532.2034675753043,1509.379825561612,1524.756725949823,32427.0
2016-05-13 00:00:00+00:00,1524.8877197228353,1539.5437121151963,1518.8311402448887,1528.1008845132167,49595.0
2016-05-14 00:00:00+00:00,1528.306818925787,1542.863468592674,1525.7174562688447,1532.8417862305475,31353.0
2016-05-15 00:00:00+00:00,1532.2737974273512,1537.7360897485573,1514.0533527580596,1525.1685219266801,54646.0
2016-05-16 00:00:00+00:00,1525.393776338423,1532.0752385190278,1517.9095588757418,1524.1437031698165,16045.0
2016-05-17 00:00:00+00:00,1524.2883851512809,1550.5517640247642,1517.0517374475298,1537.8570043100228,5290.0
2016-05-18 00:00:00+00:00,1536.7601768311147,1542.7821917836834,1532.805434399632,1537.008437995339,45406.0
2016-05-19 00:00:00+00:00,1537.3180928391332,1548.0982547951514,1500.1281010066423,1513.101079327694,27545.0
2016-05-20 00:00:00+00:00,1514.3836982856133,1532.008253035277,1487.5716817850657,1502.6485760448543,23979.0
2016-05-21 00:00:00+00:00,1503.6828027634378,1514.3613600053438,1449.677924601801,1461.6859010512667,33727.0
2016-05-22 00:00:00+00:00,1461.0285875362993,1484.9197515779363,1444.4810728807115,1471.50335689507,10916.0
2016-05-23 00:00:00+00:00,1470.7312745016004,1477.6465448367037,1465.9037631016447,1474.7981597180842,39880.0
2016-05-24 00:00:00+00:00,1474.829878054118,1493.2024195875388,1466.7486946476486,1485.376636218068,52514.0
2016-05-25 00:00:00+00:00,1485.5385191299151,1496.2357750836038,1470.2380242641425,1488.1271061611378,18788.0
2016-05-26 00:00:00+00:00,1487.335955698499,1498.6043037119766,1474.2932176230308,1481.14912701586,41462.0
2016-05-27 00:00:00+00:00,1480.711596229486,1489.4387243301862,1468.809570409875,1475.2705182663547,34254.0
2016-05-28 00:00:00+00:00,1476.0611642373015,1486.80587692717,1469.814148332961,1474.7561946872997,10752.0
2016-05-29 00:00:00+00:00,1474.8951343708152,1493.8435998007799,1460.6936545622286,1483.987037287154,46435.0
2016-05-30 00:00:00+00:00,1484.5935890637759,1498.8340912341953,1475.9004399107207,1489.8243645038974,24134.0
2016-05-31 00:00:00+00:00,1489.8022231332347,1503.2760530686755,1473.1375401341063,1482.6234139109686,50207.0
2016-06-01 00:00:00+00:00,1483.2229102164167,1490.153780307716,1460.974908337883,1477.3838668349472,7630.0
2016-06-02 00:00:00+00:00,1477.0702434175043,1486.6422602845926,1440.3566181275326,1456.3234613767415,41973.0
2016-06-03 00:00:00+00:00,1456.0211746807777,1460.6109296483708,1443.0888495985619,1454.1480053872472,54036.0
2016-06-04 00:00:00+00:00,1453.597381283319,1466.5785419540503,1440.6551593079394,1451.4648319540563,53509.0
2016-06-05 00:00:00+00:00,1450.357732907084,1457.3143077606665,1444.3716329710155,1447.9177484176223,41485.0
2016-06-06 00:00:00+00:00,1447.6863981213487,1450.869957682959,1435.825888648814,1437.31912350898,42524.0
2016-06-07 00:00:00+00:00,1436.5427108343486,1442.6028502274821,1426.5190684198642,1432.5053648542616,48734.0
2016-06-08 00:00:00+00:00,1432.2349137156161,1434.2744369687387,1429.4337379775877,1432.720535958898,40920.0
2016-06-09 00:00:00+00:00,1432.7973511519626,1439.355383705784,1428.5823999595161,1433.9961715707614,40736.0
2016-06-10 00:00:00+00:00,1434.0898772904548,1440.2172621720085,1430.469397044031,1435.0329243531976,17142.0
2016-06-11 00:00:00+00:00,1435.2517456141043,1455.1562729765617,1428.0311461319895,1438.2795776820494,17748.0
2016-06-12 00:00:00+00:00,1438.0496905748885,1444.3049865556038,1412.8344331659287,1423.754704345497,56272.0
2016-06-13 00:00:00+00:00,1423.7170091370228,1429.405597047126,1418.2629193645946,1425.7785839805185,45504.0
2016-06-14 00:00:00+00:00,1426.427294495184,1435.2937611670916,1413.94060548269,1421.4840373510356,5245.0
2016-06-15 00:00:00+00:00,1421.3916483929834,1423.582153827969,1419.2481177047903,1421.4801504698614,34876.0
2016-06-16 00:00:00+00:00,1421.49012048269,1435.7349604498052,1411.9807468614092,1430.6017472818141,38615.0
2016-06-17 00:00:00+00:00,1429.2053288996326,1433.5399646801122,1425.6595031133556,1428.4989424997948,58927.0
2016-06-18 00:00:00+00:00,1427.8670885607523,1469.3283894198817,1420.0732116885938,1452.2432283236826,12604.0
2016-06-19 00:00:00+00:00,1452.8682691116612,1467.3262804149786,1442.966240888484,1458.295917847061,11039.0
2016-06-20 00:00:00+00:00,1457.7881386879676,1463.3202806339182,1444.4444639658013,1449.6404733561014,5144.0
2016-06-21 00:00:00+00:00,1449.013732074451,1471.2452216929828,1436.6755379085175,1455.7592109981852,21840.0
2016-06-22 00:00:00+00:00,1456.311576080481,1477.6994980951467,1448.7754417593196,1468.2464785531479,45350.0
2016-06-23 00:00:00+00:00,1467.5235387962286,1471.9056505206445,1454.4416982087316,1456.5479186122943,39240.0
2016-06-24 00:00:00+00:00,1457.113533997714,1462.9202510390041,1450.3509442834006,1455.2077995667291,50665.0
2016-06-25 00:00:00+00:00,1455.1421568610547,1469.873010528353,1449.0055572674394,1457.4933466980413,34838.0
2016-06-26 00:00:00+00:00,1457.121691236682,1504.7243935900626,1451.6814148665023,1492.2782360570627,29532.0
2016-06-27 00:00:00+00:00,1491.0535227039134,1502.7963645652997,1482.9531013245687,1496.9760872579034,30829.0
2016-06-28 00:00:00+00:00,1497.7563466443248,1504.8752847792482,1472.718791447175,1487.84287585312,42075.0
2016-06-29 00:00:00+00:00,1486.7583375288868,1503.6507590158226,1469.14185822453,1493.7292768785067,48089.0
2016-06-30 00:00:00+00:00,1492.9880269171608,1509.9957445682467,1486.9186788051038,1496.671636872056,25779.0
2016-07-01 00:00:00+00:00,1497.1301115791828,1521.929855970357,1482.3371747895567,1504.1060026597088,11981.0
2016-07-02 00:00:00+00:00,1503.3525956591175,1531.3876611920282,1486.8058396460567,1520.9460616542383,28678.0
2016-07-03 00:00:00+00:00,1521.2422823957393,1524.5907109545963,1499.8908766946656,1507.9658393357277,53998.0
2016-07-04 00:00:00+00:00,1507.9325185989744,1528.955370350675,1495.7537257779907,1503.9801183504076,41771.0
2016-07-05 00:00:00+00:00,1503.8062041521723,1516.71488619816,1483.6431769241415,1511.7467697477434,21560.0
2016-07-06 00:00:00+00:00,1511.0985886417534,1514.521835192673,1499.2279374129841,1503.335333397215,16406.0
2016-07-07 00:00:00+00:00,1502.928231345393,1521.8424427280436,1492.1788717377863,1511.2406352390985,19580.0
2016-07-08 00:00:00+00:00,1511.3941474032008,1549.8799040837848,1503.474743160878,1543.754266919279,39713.0
2016-07-09 00:00:00+00:00,1543.1387861171147,1547.3400096941564,1534.4542435743679,1537.4767872282773,8400.0
2016-07-10 00:00:00+00:00,1537.8508207224857,1566.1124213643302,1533.3125071208838,1556.090234253311,58456.0
2016-07-11 00:00:00+00:00,1556.2259045459814,1570.1486894774425,1422.3398285839448,1431.0761379783664,28402.0
2016-07-12 00:00:00+00:00,1431.3730932105777,1456.219525620748,1408.4819230894357,1438.2896448928389,29066.0
2016-07-13 00:00:00+00:00,1438.4103513950342,1466.353072793367,1416.7115411514549,1452.3513221436883,23413.0
2016-07-14 00:00:00+00:00,1452.664825432991,1469.1062637710754,1434.4534454866466,1462.4200504079788,6846.0
2016-07-15 00:00:00+00:00,1462.6295490238228,1477.6754942688976,1458.9276833361155,1473.8968973870517,21647.0
2016-07-16 00:00:00+00:00,1474.3693368264878,1510.2645059106637,1458.2397740783474,1499.155334303349,48740.0
2016-07-17 00:00:00+00:00,1499.3680874161369,1517.828389852284,1476.9398233921581,1503.4167141653763,48708.0
2016-07-18 00:00:00+00:00,1503.597225264541,1509.6767217880258,1498.086310361875,1504.1273420277416,6261.0
2016-07-19 00:00:00+00:00,1503.565780745102,1530.044443896885,1501.1067871913508,1522.3299476829416,32191.0
2016-07-20 00:00:00+00:00,1521.2714975186673,1525.1874108986117,1497.058537727822,1503.7488327257372,11769.0
2016-07-21 00:00:00+00:00,1503.7666158041823,1511.022964564706,1474.7588177364892,1499.6060027442122,20947.0
2016-07-22 00:00:00+00:00,1500.1656506556847,1521.7536614347707,1485.4570463800533,1492.2148779193915,9326.0
2016-07-23 00:00:00+00:00,1491.6499704547934,1514.3008832947041,1484.9726263281057,1503.3104956654947,23895.0
2016-07-24 00:00:00+00:00,1502.3469714128244,1537.7668922167043,1478.6920010302633,1523.8763312809654,7316.0
2016-07-25 00:00:00+00:00,1523.5313758813784,1528.2785713479354,1508.35846874152,1522.6931527284157,8494.0
2016-07-26 00:00:00+00:00,1522.898045277063,1533.5957406138689,1470.219320199703,1498.8011693977678,59844.0
2016-07-27 00:00:00+00:00,1499.2978856811328,1522.4158093412884,1485.8161736668249,1494.3476595203038,22523.0
2016-07-28 00:00:00+00:00,1494.1430553632947,1527.191510961078,1485.088047389099,1518.0825950768221,48403.0
2016-07-29 00:00:00+00:00,1517.3579216896321,1519.7790811362759,1477.6452070378768,1484.8601200698888,13851.0
2016-07-30 00:00:00+00:00,1484.8107379747935,1534.079038609841,1468.6869444300812,1519.6573125149414,20934.0
2016-07-31 00:00:00+00:00,1520.0550829585745,1535.5084802880458,1516.585359328368,1529.5531286455764,18375.0
2016-08-01 00:00:00+00:00,1529.507183835049,1547.9323537710154,1513.3823555014617,1530.147338655369,12376.0
2016-08-02 00:00:00+00:00,1530.749686001706,1540.9998252358341,1507.1752306220471,1534.215235802903,14093.0
2016-08-03 00:00:00+00:00,1533.8940965987597,1540.2642331066297,1517.2872350451469,1522.95567890641,54922.0
2016-08-04 00:00:00+00:00,1523.4700772286328,1573.0400716039192,1496.4731123738034,1546.641295695462,23864.0
2016-08-05 00:00:00+00:00,1547.6352225047185,1565.3990853757323,1535.4158084268324,1550.0482419256214,34754.0
2016-08-06 00:00:00+00:00,1549.420459765462,1576.1481265889265,1530.1355790009065,1559.285684215226,7483.0
2016-08-07 00:00:00+00:00,1558.7328279836015,1631.4611556595742,1540.8837164504287,1619.5502405201228,6062.0
2016-08-08 00:00:00+00:00,1619.9546452687594,1630.6921949075872,1591.44488998288,1614.4860246254639,28467.0
2016-08-09 00:00:00+00:00,1616.4766948419278,1622.356630927257,1565.7330822836,1585.0563505539096,6723.0
2016-08-10 00:00:00+00:00,1585.3622558548693,1624.125130749089,1571.5158948372975,1614.0658444166982,52848.0
2016-08-11 00:00:00+00:00,1614.0347898893178,1624.1454746605114,1606.963725421382,1615.2217134826253,10220.0
2016-08-12 00:00:00+00:00,1616.0491252743866,1621.8104310197778,1592.8328207311924,1597.292836291235,44791.0
2016-08-13 00:00:00+00:00,1597.2071778490663,1628.5949176232757,1590.135062631516,1610.3729713824728,42207.0
2016-08-14 00:00:00+00:00,1609.3227006253862,1640.6517160854942,1607.3901051391392,1635.9653899703349,40054.0
2016-08-15 00:00:00+00:00,1635.3301733574742,1654.7148289718687,1617.3949600681294,1641.5400386071203,17222.0
2016-08-16 00:00:00+00:00,1642.4072945898988,1651.4236421953754,1596.6681780045594,1616.2846231310382,51025.0
2016-08-17 00:00:00+00:00,1615.18853239325,1628.2197665179435,1597.406028338873,1608.6125829192683,49463.0
2016-08-18 00:00:00+00:00,1607.6874595433535,1634.381096300261,1588.8740376398705,1602.7051466961848,47344.0
2016-08-19 00:00:00+00:00,1603.2143096383647,1613.6793801156923,1592.8596904601632,1603.9549025231374,21881.0
2016-08-20 00:00:00+00:00,1604.036017405477,1613.9028786707315,1558.9290745155363,1591.811397639165,47363.0
2016-08-21 00:00:00+00:00,1592.5640814268422,1660.8352797615883,1559.0646837960937,1651.6540229466136,25372.0
2016-08-22 00:00:00+00:00,1650.9433153470802,1654.5367330702259,1636.4712021595274,1645.3751210395494,56934.0
2016-08-23 00:00:00+00:00,1644.8797549858336,1660.309071454254,1620.8809768783406,1652.1905176429052,8745.0
2016-08-24 00:00:00+00:00,1651.947901662927,1655.866129580841,1647.5222666940608,1651.7815462326002,36483.0
2016-08-25 00:00:00+00:00,1650.954258137724,1660.5951367265607,1584.9340627457063,1606.9678297865382,24910.0
2016-08-26 00:00:00+00:00,1606.804673281567,1617.9665091734096,1597.7340137990564,1606.3301261458714,37999.0
2016-08-27 00:00:00+00:00,1606.20684006527,1635.4748595760668,1527.6812367637442,1563.4124030495545,17815.0
2016-08-28 00:00:00+00:00,1563.937989690195,1594.6408475262656,1560.010309785268,1582.6270940001602,54337.0
2016-08-29 00:00:00+00:00,1582.5586484833048,1593.0782110614373,1571.519881819407,1579.589392815577,17607.0
2016-08-30 00:00:00+00:00,1579.3240553235964,1587.4481636557007,1547.5098134266043,1570.4583787602853,11868.0
2016-08-31 00:00:00+00:00,1570.754333403771,1592.248751207066,1518.3671872868592,1527.012516838654,57612.0
2016-09-01 00:00:00+00:00,1527.672843081008,1547.3590717735692,1501.863647071198,1521.634147489362,58730.0
2016-09-02 00:00:00+00:00,1522.2512898255352,1553.672245722524,1501.213507463187,1529.8989007699645,35596.0
2016-09-03 00:00:00+00:00,1530.054728844679,1557.2296321202336,1519.696101374137,1547.901486820138,56661.0
2016-09-04 00:00:00+00:00,1547.6539158613716,1557.8983078340013,1491.2374256133053,1518.9618945939856,8965.0
2016-09-05 00:00:00+00:00,1518.6628651170608,1558.035346878658,1511.4454857893868,1536.1868603338219,34297.0
2016-09-06 00:00:00+00:00,1535.3737302440331,1546.9727978519538,1520.357746941341,1525.2873745073082,35999.0
2016-09-07 00:00:00+00:00,1525.3156510276071,1552.8820019217328,1510.8428245035666,1538.657070825269,49124.0
2016-09-08 00:00:00+00:00,1538.6289589425862,1573.424938236923,1521.5163855675787,1551.130641814198,26909.0
2016-09-09 00:00:00+00:00,1552.135288919384,1564.5668320951186,1526.0043717317667,1545.8200847498729,45208.0
2016-09-10 00:00:00+00:00,1545.9409926918042,1555.0112478655615,1531.397164558224,1550.4302341109862,21077.0
2016-09-11 00:00:00+00:00,1550.8781252672397,1558.076461454574,1526.5560208541467,1536.3476297147556,31907.0
2016-09-12 00:00:00+00:00,1537.135310841991,1555.46796582104,1534.537712361306,1549.278531355707,58423.0
2016-09-13 00:00:00+00:00,1548.1116279049172,1595.3798426672336,1535.3650087978867,1579.9520435939505,8652.0
2016-09-14 00:00:00+00:00,1579.5320707354647,1598.5056028535384,1566.8014077847113,1586.5458515667533,28806.0
2016-09-15 00:00:00+00:00,1586.3832142509718,1591.099652104237,1574.409957596811,1582.7776677052518,36213.0
2016-09-16 00:00:00+00:00,1582.8398606869637,1588.9966625502336,1550.1368246926684,1558.3229283440235,6615.0
2016-09-17 00:00:00+00:00,1557.605190438455,1584.737097641797,1545.6724180871693,1578.579423204041,20724.0
2016-09-18 00:00:00+00:00,1579.105931684982,1612.9537179989939,1573.008896439876,1597.2428353053715,58266.0
2016-09-19 00:00:00+00:00,1597.805280110418,1606.7863917503723,1588.5097776071013,1602.6837628748822,31544.0
2016-09-20 00:00:00+00:00,1602.9910583552341,1607.4251831272159,1585.7662384982632,1595.1276357329684,52101.0
2016-09-21 00:00:00+00:00,1595.5468822973883,1601.2049021753044,1587.9532611879108,1593.4140702420016,10444.0
2016-09-22 00:00:00+00:00,1592.703318975343,1596.7574481320119,1573.01525067387,1580.4571240812795,17664.0
2016-09-23 00:00:00+00:00,1581.1592961962403,1589.1682502202125,1545.7292322631686,1555.654952823513,31428.0
2016-09-24 00:00:00+00:00,1555.262736606431,1574.4662569313462,1546.6510914087332,1565.5247671868658,33589.0
2016-09-25 00:00:00+00:00,1564.3343735922492,1573.4725422905672,1556.52331053174,1568.8261713701972,55734.0
2016-09-26 00:00:00+00:00,1568.8903396855223,1575.3393055941494,1562.6170679626057,1565.9931839490882,53817.0
2016-09-27 00:00:00+00:00,1566.243861948106,1577.10009812086,1564.412063711526,1572.8434533672698,50080.0
2016-09-28 00:00:00+00:00,1572.401558636372,1618.226265970559,1563.9530166874392,1604.4847585975638,24560.0
2016-09-29 00:00:00+00:00,1603.4114895540106,1608.7347201201683,1594.3354655380656,1601.763704133607,44324.0
2016-09-30 00:00:00+00:00,1601.0156104622713,1615.6694202658623,1579.7343401832145,1596.0461344113544,17557.0
2016-10-01 00:00:00+00:00,1595.9359116845287,1606.9707109171407,1589.3855384994604,1603.8387262834867,7393.0
2016-10-02 00:00:00+00:00,1602.2023554497612,1634.7006787234138,1594.944386709569,1623.1288536086463,31309.0
2016-10-03 00:00:00+00:00,1623.7794006736303,1635.6105901178064,1609.8463713949598,1626.316751330814,38908.0
2016-10-04 00:00:00+00:00,1626.9514734822458,1639.6813939598794,1615.877777815726,1620.961323952566,46325.0
2016-10-05 00:00:00+00:00,1620.8311423608302,1626.593230425792,1600.718219768652,1607.2983107254324,12352.0
2016-10-06 00:00:00+00:00,1607.9627386751636,1619.249408979994,1603.6854807552754,1618.1366338220594,9038.0
2016-10-07 00:00:00+00:00,1618.0165064892062,1627.3659098291719,1612.1958988363997,1620.625808576219,51829.0
2016-10-08 00:00:00+00:00,1619.8780597710954,1623.6551597180792,1603.1891402950037,1613.5162165274392,25701.0
2016-10-09 00:00:00+00:00,1613.9090688859758,1616.5729209586955,1606.0465835009938,1611.7072074612072,51888.0
2016-10-10 00:00:00+00:00,1612.0534877106002,1632.683529848262,1606.8580529133362,1621.2013946567458,14296.0
2016-10-11 00:00:00+00:00,1620.587793971323,1626.9416654302258,1610.1634685597305,1620.3079003811772,49850.0
2016-10-12 00:00:00+00:00,1619.3824559929517,1634.1489896479516,1606.9863987261097,1618.9221818562562,49465.0
2016-10-13 00:00:00+00:00,1618.2733439836904,1657.0474362810621,1613.5189793668355,1641.8322197283994,25684.0
2016-10-14 00:00:00+00:00,1642.5828384458853,1652.427126344938,1639.6225533156796,1646.871474237917,50111.0
2016-10-15 00:00:00+00:00,1646.6572299998434,1663.4551560043903,1643.5154371667993,1657.0653444663415,13277.0
2016-10-16 00:00:00+00:00,1658.9080709244563,1662.8214605390626,1644.958635859209,1650.140225614803,32517.0
2016-10-17 00:00:00+00:00,1649.6929316437072,1654.2245094526418,1640.107731332,1644.4374370947778,54799.0
2016-10-18 00:00:00+00:00,1644.8195832078,1648.9676468238617,1617.1848372717625,1627.1671290912411,21382.0
2016-10-19 00:00:00+00:00,1627.3615210671082,1635.7571860050716,1587.6867227396876,1593.2522931337169,11455.0
2016-10-20 00:00:00+00:00,1593.0960441872517,1602.9580396503416,1585.152213800109,1592.8358153557745,10507.0
2016-10-21 00:00:00+00:00,1593.3526397405954,1609.26757043593,1587.954411066079,1593.891733261172,45663.0
2016-10-22 00:00:00+00:00,1593.332663064567,1611.0606962530908,1588.3257953861123,1602.2783961288478,51255.0
2016-10-23 00:00:00+00:00,1602.2286531477635,1621.3173391476641,1594.971440673216,1614.9072053944587,17623.0
2016-10-24 00:00:00+00:00,1614.1366587034956,1628.9944850463278,1603.3967143001187,1611.5148493670408,50346.0
2016-10-25 00:00:00+00:00,1610.0968448382607,1655.5145466349811,1604.6291488657178,1638.5910792383931,9469.0
2016-10-26 00:00:00+00:00,1638.6216801992418,1643.8510503244354,1627.606917156127,1630.501403212337,16996.0
2016-10-27 00:00:00+00:00,1629.7419117378133,1641.8748770889754,1605.4202059698664,1619.3256748346264,42103.0
2016-10-28 00:00:00+00:00,1618.469928789064,1622.6648147966189,1613.2490814850019,1620.0399631526045,46450.0
2016-10-29 00:00:00+00:00,1620.4016028993096,1637.668331987754,1594.1367093460713,1609.7211719980976,42141.0
2016-10-30 00:00:00+00:00,1609.6022052429573,1628.738255545978,1596.25664807286,1613.899027244022,9078.0
2016-10-31 00:00:00+00:00,1614.1332957871912,1642.8863714175006,1599.6423511222672,1622.4027582904666,53518.0
2016-11-01 00:00:00+00:00,1623.5083198325005,1653.8951170253645,1592.9873403405209,1625.2929353871552,54144.0
2016-11-02 00:00:00+00:00,1625.3954331868672,1627.5110913326225,1608.8640631506044,1613.589663028142,47452.0
2016-11-03 00:00:00+00:00,1613.867407555486,1618.6146263831952,1600.2326716783361,1607.174742519093,14434.0
2016-11-04 00:00:00+00:00,1606.3965938463489,1653.7819633104104,1600.548717068597,1638.3055430111665,51961.0
2016-11-05 00:00:00+00:00,1638.8389589036062,1651.3960416186935,1620.988571378544,1628.7386754672395,10668.0
2016-11-06 00:00:00+00:00,1629.2790559398456,1643.1746092944895,1623.1961361513588,1634.9523473374763,42783.0
2016-11-07 00:00:00+00:00,1634.2535650390591,1643.3326612048259,1562.5000523957322,1572.5380451625547,54882.0
2016-11-08 00:00:00+00:00,1572.9366741692704,1579.2982767025217,1568.5878163339403,1577.6231460554543,21184.0
2016-11-09 00:00:00+00:00,1577.811227075353,1584.635191539448,1571.47102594822,1579.5855662642618,41923.0
2016-11-10 00:00:00+00:00,1579.4376094395768,1593.7921535850592,1559.985424874017,1579.5054059993022,52936.0
2016-11-11 00:00:00+00:00,1579.5463123350585,1603.3509000680915,1564.973019081165,1585.2138279099108,6378.0
2016-11-12 00:00:00+00:00,1586.7340077635106,1607.822462788701,1565.2476155852867,1586.3854384229685,38210.0
2016-11-13 00:00:00+00:00,1585.963397039435,1598.8712836896195,1579.4114102007688,1592.3409654929617,56700.0
2016-11-14 00:00:00+00:00,1592.1161895266273,1635.200508264512,1585.8733028259712,1623.3666536179169,9790.0
2016-11-15 00:00:00+00:00,1623.4197791547938,1635.4362691155582,1601.380947713335,1609.3663263872486,50500.0
2016-11-16 00:00:00+00:00,1609.2377345426632,1618.9425528865245,1593.0527823421066,1608.4208574088548,22441.0
2016-11-17 00:00:00+00:00,1607.236175743145,1618.9506372324413,1602.624969005281,1611.766518688796,59216.0
2016-11-18 00:00:00+00:00,1612.1710566258516,1625.8880924232471,1601.6832681628905,1618.643492472435,6452.0
2016-11-19 00:00:00+00:00,1619.2266821680919,1629.7637482516213,1591.4537222534157,1609.3979949835111,40246.0
2016-11-20 00:00:00+00:00,1610.4983947177154,1638.1734870125172,1598.2975863980041,1620.9206242702346,24601.0
2016-11-21 00:00:00+00:00,1620.54316911855,1628.3433991692775,1606.525847044044,1613.6813271708384,10743.0
2016-11-22 00:00:00+00:00,1612.8562848619868,1632.7874120103247,1602.0737160173228,1621.8757095498545,57472.0
2016-11-23 00:00:00+00:00,1622.288081072668,1627.6588101022437,1612.131467729711,1623.2165920206103,39421.0
2016-11-24 00:00:00+00:00,1622.5381847168148,1642.4661954081967,1612.5418924762594,1629.04760543829,20799.0
2016-11-25 00:00:00+00:00,1629.033497397815,1653.6268585168527,1620.9943806579847,1644.029421509618,38959.0
2016-11-26 00:00:00+00:00,1643.7516178576263,1662.9872634224837,1625.9486233437526,1650.6057183983853,47959.0
2016-11-27 00:00:00+00:00,1650.7185587953416,1657.5496134672214,1642.1717343772443,1646.6002868371334,16254.0
2016-11-28 00:00:00+00:00,1646.2940514147688,1662.2151470460817,1609.3358827603306,1627.9425070152943,35123.0
2016-11-29 00:00:00+00:00,1628.3852687065323,1652.9847719551785,1612.4983612527685,1639.833266095383,32938.0
2016-11-30 00:00:00+00:00,1639.2183250651028,1644.0448593125263,1606.1774674048813,1622.810099499701,12436.0
2016-12-01 00:00:00+00:00,1624.343599054398,1641.5208259020121,1618.8180142631675,1634.6381382176585,52062.0
2016-12-02 00:00:00+00:00,1635.1359142802019,1648.6717472724893,1627.5746489716098,1633.2045592655966,30742.0
2016-12-03 00:00:00+00:00,1632.7842943419853,1646.3188922140723,1606.2147126224481,1622.0745084637063,43081.0
2016-12-04 00:00:00+00:00,1621.43720689107,1635.2792671346651,1586.393524169303,1603.4298359619056,37896.0
2016-12-05 00:00:00+00:00,1603.2983982951885,1606.8114492714533,1593.62995238028,1597.4511608947055,8818.0
2016-12-06 00:00:00+00:00,1597.1401071383737,1621.3902935468873,1589.239141314557,1610.3568452293355,56705.0
2016-12-07 00:00:00+00:00,1609.813636964223,1630.952062004838,1602.7842542014846,1625.0404001773936,29259.0
2016-12-08 00:00:00+00:00,1625.9359003234672,1638.7417588942635,1611.9099317542862,1626.036206215344,32979.0
2016-12-09 00:00:00+00:00,1626.6567655758251,1633.5127927553642,1620.752544959887,1624.8720804226184,50635.0
2016-12-10 00:00:00+00:00,1624.1573896460384,1632.9210101374056,1605.3563736396643,1620.0932360233803,44721.0
2016-12-11 00:00:00+00:00,1620.4448870291,1626.182148255479,1615.8472762101505,1619.6138160997798,59054.0
2016-12-12 00:00:00+00:00,1619.6125035751752,1629.6761419292632,1608.677693761118,1621.8691453072433,46886.0
2016-12-13 00:00:00+00:00,1622.3582154939077,1627.7267192548284,1606.6540298318178,1610.744036682503,51611.0
2016-12-14 00:00:00+00:00,1610.3081285274625,1614.3645956491107,1593.2525655531836,1604.6374880784279,56835.0
2016-12-15 00:00:00+00:00,1605.99439172279,1614.854228128021,1599.798851850344,1609.729500441466,58211.0
2016-12-16 00:00:00+00:00,1609.7695708675064,1624.6228741511538,1601.0462809628796,1615.9767251100245,23675.0
2016-12-17 00:00:00+00:00,1617.2563300727418,1633.7205616380525,1609.1985319348873,1625.7543898475622,44357.0
2016-12-18 00:00:00+00:00,1625.4373859838952,1649.3322914157825,1613.152731850931,1634.5923177215302,53401.0
2016-12-19 00:00:00+00:00,1635.4646082249376,1637.1503060561295,1625.6850873590604,1630.5521642182125,43353.0
2016-12-20 00:00:00+00:00,1630.4727179471856,1663.742081951328,1626.7007976765253,1656.4013682192476,20914.0
2016-12-21 00:00:00+00:00,1657.4961732311745,1669.303967076952,1645.9006872711116,1653.2428434501187,16530.0
2016-12-22 00:00:00+00:00,1653.1139495032887,1661.5923994458547,1626.3702958424822,1634.6577952385196,16439.0
2016-12-23 00:00:00+00:00,1633.9521552286526,1664.0229559373379,1627.5901315243896,1650.7489047886322,29327.0
2016-12-24 00:00:00+00:00,1650.0307726834196,1655.225747354914,1647.4489575737987,1651.2856325539653,31433.0
2016-12-25 00:00:00+00:00,1650.857768033419,1653.9009413207298,1630.0791648949073,1635.7510241310283,9587.0
2016-12-26 00:00:00+00:00,1636.1384161000328,1643.751401795235,1627.926191919641,1632.3071680922649,50393.0
2016-12-27 00:00:00+00:00,1632.5441133918969,1651.1712292372558,1630.4295781731237,1647.747992433082,49005.0
2016-12-28 00:00:00+00:00,1647.8184912130525,1655.6080546798798,1626.3335393987277,1633.4023285283627,36563.0
2016-12-29 00:00:00+00:00,1634.0884030604807,1658.7181910833579,1626.3766284611447,1654.5761071226652,45241.0
2016-12-30 00:00:00+00:00,1655.6526868927074,1674.2114856050466,1650.4362074923413,1669.9467401504344,35981.0
2016-12-31 00:00:00+00:00,1669.2684470904303,1684.2634159874563,1663.331476002394,1676.4433591688407,33069.0
2017-01-01 00:00:00+00:00,1677.1101375377218,1682.2225776734629,1671.1075115962467,1676.7891800309367,8626.0
2017-01-02 00:00:00+00:00,1678.334006225403,1686.6099022744588,1655.3514818924032,1662.831595806659,55578.0
2017-01-03 00:00:00+00:00,1662.413942782939,1692.8594354693994,1657.3854081313432,1687.6214348128867,9325.0
2017-01-04 00:00:00+00:00,1687.232756268391,1734.72926662138,1680.6768779026927,1729.2080686978352,30437.0
2017-01-05 00:00:00+00:00,1729.4814212946676,1769.5406730403836,1717.0079434301451,1758.4077368236592,58124.0
2017-01-06 00:00:00+00:00,1758.562852868811,1765.223046908497,1754.8569078267785,1761.6004119423815,33159.0
2017-01-07 00:00:00+00:00,1761.2154699196794,1785.1126840965853,1738.3637957111978,1764.5589765178206,46657.0
2017-01-08 00:00:00+00:00,1764.5030566102396,1772.4002478588186,1753.2800339181101,1768.3656289305684,47650.0
2017-01-09 00:00:00+00:00,1769.4980500316897,1824.9484600970081,1759.8016475812435,1808.0871481097204,29587.0
2017-01-10 00:00:00+00:00,1808.7432634539375,1834.309379088971,1798.971884091105,1825.2851604529776,33565.0
2017-01-11 00:00:00+00:00,1824.6899218375759,1834.2179508148884,1788.8279726473233,1809.727824489291,40224.0
2017-01-12 00:00:00+00:00,1808.4860648830588,1823.048437618321,1793.801020219715,1815.4970187781355,46946.0
2017-01-13 00:00:00+00:00,1814.6884008960874,1816.7842250319638,1800.4357222863703,1809.878710422175,57244.0
2017-01-14 00:00:00+00:00,1810.003739709304,1819.1052286950476,1777.8256682040706,1790.9362047242253,30479.0
2017-01-15 00:00:00+00:00,1790.3685951206487,1795.8189888622285,1786.1314877635648,1789.9135086135716,44994.0
2017-01-16 00:00:00+00:00,1789.3060820537376,1803.4515896493567,1775.205490961064,1785.9475809328733,58733.0
2017-01-17 00:00:00+00:00,1786.4576844500436,1791.9498612546417,1759.590007388138,1764.6407857583026,10444.0
2017-01-18 00:00:00+00:00,1764.4357470655593,1814.0173240737747,1753.827061869835,1805.3169310440471,6606.0
2017-01-19 00:00:00+00:00,1805.0363568143548,1873.7462151801988,1786.784947750339,1852.4201850701565,46887.0
2017-01-20 00:00:00+00:00,1852.574480091526,1864.0770533466277,1823.2021945962026,1839.0405145622474,30587.0
2017-01-21 00:00:00+00:00,1840.1027679788815,1846.557881858129,1835.2730093828116,1840.486276113474,42826.0
2017-01-22 00:00:00+00:00,1840.7077905081812,1862.147290320201,1823.5182010443839,1844.2036651188573,13294.0
2017-01-23 00:00:00+00:00,1844.7083338070463,1850.4226830032737,1826.889880054727,1844.2565852630844,35611.0
2017-01-24 00:00:00+00:00,1844.3127125138467,1848.2316007721392,1822.834890479857,1827.3967562297817,51007.0
2017-01-25 00:00:00+00:00,1828.525034058882,1839.1126840437075,1825.0119290041916,1832.6233688216932,33892.0
2017-01-26 00:00:00+00:00,1831.720187476401,1862.3054054853521,1819.5954825392585,1856.8360400118418,13270.0
2017-01-27 00:00:00+00:00,1855.9990504034051,1865.591992197556,1836.7151565135098,1847.5390507724264,25552.0
2017-01-28 00:00:00+00:00,1847.1595181582911,1861.750613423985,1832.4574238947641,1844.8440941689898,37892.0
2017-01-29 00:00:00+00:00,1846.3355578204855,1854.531132693283,1837.4954117313937,1841.4628699324476,7729.0
2017-01-30 00:00:00+00:00,1842.596290391488,1877.0258519907716,1827.1094957839632,1858.5854301486117,40845.0
2017-01-31 00:00:00+00:00,1857.7651625441129,1869.5205296338431,1841.4299459630824,1854.9285805252305,49153.0
2017-02-01 00:00:00+00:00,1854.5852824504695,1894.5285757807628,1844.9385633532345,1877.5772205319167,32242.0
2017-02-02 00:00:00+00:00,1877.9868861638415,1881.3515728107552,1797.5038928386293,1802.9209976833686,54605.0
2017-02-03 00:00:00+00:00,1802.968194880678,1809.2936296201008,1786.8671471591833,1797.4679238847066,49785.0
2017-02-04 00:00:00+00:00,1798.1028850677696,1811.4704423549667,1786.081313754901,1801.8684334034322,33574.0
2017-02-05 00:00:00+00:00,1801.5118149752436,1818.2177610425938,1796.0576952488502,1814.3608888280216,8719.0
2017-02-06 00:00:00+00:00,1813.1569656263712,1838.0827705100737,1809.6043757623397,1827.0579678441518,34779.0
2017-02-07 00:00:00+00:00,1827.5070997721982,1846.530298204477,1822.2013259111502,1840.533668203887,18569.0
2017-02-08 00:00:00+00:00,1841.4520689052429,1879.2462179841386,1836.1140476354922,1875.828040811263,56575.0
2017-02-09 00:00:00+00:00,1874.674050940248,1898.2877410800063,1868.770952359385,1892.6882487126013,12384.0
2017-02-10 00:00:00+00:00,1891.265786485324,1909.6574406084153,1886.8205573253845,1906.2965574870036,23694.0
2017-02-11 00:00:00+00:00,1905.9496529398214,1915.3126628027737,1884.7599811272062,1891.4700419567887,53375.0
2017-02-12 00:00:00+00:00,1890.055911098866,1910.1220059203586,1867.6733029243437,1882.2266115060013,5466.0
2017-02-13 00:00:00+00:00,1882.5484305627874,1917.3774100016278,1862.0788469009046,1902.5929624375879,49609.0
2017-02-14 00:00:00+00:00,1901.7103260245242,1913.9805181566844,1890.0721903662593,1899.5396330711728,18223.0
2017-02-15 00:00:00+00:00,1900.1014861346925,1939.0151492898112,1890.2931976133168,1923.7486253263287,22186.0
2017-02-16 00:00:00+00:00,1923.4835755499653,1942.7879970162385,1908.4744308653528,1928.2465315551672,18888.0
2017-02-17 00:00:00+00:00,1928.3479173710043,1943.6943134388123,1907.210549808195,1932.9851968280382,36196.0
2017-02-18 00:00:00+00:00,1933.4957400333083,1948.396721686128,1917.2419926309044,1929.9174227046144,36400.0
2017-02-19 00:00:00+00:00,1929.7597247963377,1946.6167021236652,1917.7960159625331,1938.642326730112,35295.0
2017-02-20 00:00:00+00:00,1937.855450580652,1948.285687793274,1904.917845848209,1916.181420729442,20732.0
2017-02-21 00:00:00+00:00,1916.8819587766827,1922.2411784847322,1901.897961574816,1914.2198290700223,11769.0
2017-02-22 00:00:00+00:00,1913.093857319633,1943.5756032364297,1865.2999502865764,1881.5630991016126,50062.0
2017-02-23 00:00:00+00:00,1882.6216582958143,1903.059655197031,1869.4545620572121,1882.0871133908533,27494.0
2017-02-24 00:00:00+00:00,1881.6285244493665,1911.1179117924228,1873.8361157780234,1894.163142402446,6232.0
2017-02-25 00:00:00+00:00,1893.763328890386,1962.7461728529343,1878.0332109110475,1925.2792718226638,32386.0
2017-02-26 00:00:00+00:00,1925.5833058599364,1934.9545704427903,1912.0655830175629,1920.636979750115,57677.0
2017-02-27 00:00:00+00:00,1920.9574809075316,1934.327126209001,1896.6789882194726,1913.5768495240598,30950.0
2017-02-28 00:00:00+00:00,1913.9642730406213,1951.1893380862286,1907.0644532955373,1941.8222167281563,23467.0
2017-03-01 00:00:00+00:00,1940.6825375341766,1951.597853924651,1933.6251066347227,1941.518647315895,39799.0
2017-03-02 00:00:00+00:00,1940.8347484834692,1961.8446144325417,1921.28582488745,1947.9852680186366,30881.0
2017-03-03 00:00:00+00:00,1948.2520368362204,2007.0394382205288,1936.4059857488005,1991.2322982070257,14923.0
2017-03-04 00:00:00+00:00,1991.5284975190577,2006.9880841980573,1913.8116471390067,1939.5074015128514,28357.0
2017-03-05 00:00:00+00:00,1939.435894253539,1970.998054645249,1934.5260459240594,1959.8089150862886,47106.0
2017-03-06 00:00:00+00:00,1960.8234922491229,1988.267934105572,1955.8784725298303,1978.732496071097,8736.0
2017-03-07 00:00:00+00:00,1978.5932062800518,2008.288705428774,1920.6558756932966,1956.804067563986,23804.0
2017-03-08 00:00:00+00:00,1957.5407904016367,1966.319178844644,1925.9301473437479,1935.9056841705678,29344.0
2017-03-09 00:00:00+00:00,1936.7463602517291,1959.2866647330638,1930.1622683958524,1940.9793272215823,51043.0
2017-03-10 00:00:00+00:00,1941.2499388066826,1944.845207794733,1926.586165584893,1934.7294188085186,15142.0
2017-03-11 00:00:00+00:00,1934.581230027435,1945.2448308315447,1893.247462785713,1932.7051401257143,16632.0
2017-03-12 00:00:00+00:00,1933.2779151313252,1979.1503839273273,1893.9240255816524,1940.247182064338,11618.0
2017-03-13 00:00:00+00:00,1940.5960760870987,1947.5573481063775,1917.5351913570482,1929.4625740722622,23819.0
2017-03-14 00:00:00+00:00,1929.9422381070556,1973.6524139802148,1906.1511336915648,1932.1511896939276,12255.0
2017-03-15 00:00:00+00:00,1931.4847876779472,1998.012688769605,1921.3542116494461,1978.0043338625746,42857.0
2017-03-16 00:00:00+00:00,1978.3754877606775,1990.162865432421,1943.4048480406511,1979.607584053167,19549.0
2017-03-17 00:00:00+00:00,1980.8707528784105,2015.8472092207635,1921.5467039048633,1964.6110664666458,36575.0
2017-03-18 00:00:00+00:00,1964.3917657120198,1977.960773066022,1954.7273614408634,1963.2428301951988,51095.0
2017-03-19 00:00:00+00:00,1963.3545421937947,2016.370919838706,1950.8802190062725,1995.4071481621763,59830.0
2017-03-20 00:00:00+00:00,1995.2203454037506,2035.6795975956927,1982.763135737989,2029.2526409073776,45178.0
2017-03-21 00:00:00+00:00,2029.9705314672135,2062.951764362185,1997.6691136393051,2014.4367788514403,36090.0
2017-03-22 00:00:00+00:00,2012.7825199912393,2017.5248209760375,1966.0031175524543,1978.1201398939138,31837.0
2017-03-23 00:00:00+00:00,1979.385635835262,1999.5706232199364,1932.65435788293,1951.7654474882656,23812.0
2017-03-24 00:00:00+00:00,1952.1686155068087,1993.41008845731,1942.400453073692,1970.9239013296035,19809.0
2017-03-25 00:00:00+00:00,1970.750448841256,2033.6711636914454,1938.6718653074279,2008.7357998840207,53567.0
2017-03-26 00:00:00+00:00,2008.9603955096775,2043.7004672444918,1964.606074303972,1986.7981739699503,38265.0
2017-03-27 00:00:00+00:00,1987.6969243949898,2009.2339221387372,1946.899090560057,1967.372654488543,47715.0
2017-03-28 00:00:00+00:00,1967.6693996486583,1992.1201168042637,1937.951289941804,1971.635466542596,33965.0
2017-03-29 00:00:00+00:00,1972.1691719982375,1985.5074601720407,1920.5401306169615,1946.6793687982758,30333.0
2017-03-30 00:00:00+00:00,1947.6192006825067,1977.5789658830925,1920.3551431860292,1942.9484430394677,18143.0
2017-03-31 00:00:00+00:00,1943.0868426653255,1952.6768941353594,1910.9868582917986,1923.3855365932516,5084.0
2017-04-01 00:00:00+00:00,1923.9615476642514,1932.3887618272813,1902.9770852541124,1924.007229811439,18809.0
2017-04-02 00:00:00+00:00,1925.1461439020266,1958.4948497796968,1896.6058432805387,1908.8110652342639,22189.0
2017-04-03 00:00:00+00:00,1909.2469909423287,1945.098056304827,1901.4430385460037,1932.7843193123479,19719.0
2017-04-04 00:00:00+00:00,1932.3147971823864,1963.8016885083425,1897.3759603943402,1945.0306914810062,54103.0
2017-04-05 00:00:00+00:00,1945.638213000814,1957.447280829648,1902.3558130991823,1934.5778001489073,51632.0
2017-04-06 00:00:00+00:00,1936.1581858376212,1950.6738366112102,1913.5869455037791,1934.0971796084712,40953.0
2017-04-07 00:00:00+00:00,1933.8612246035443,1943.362511648185,1910.5553027935925,1923.9221133986962,48935.0
2017-04-08 00:00:00+00:00,1924.2796227671254,1937.2476887319413,1908.0959624986829,1929.0087045438718,17302.0
2017-04-09 00:00:00+00:00,1929.3481331957316,1937.5853511912485,1912.2879714925505,1923.578511531727,32685.0
2017-04-10 00:00:00+00:00,1924.2662446364068,1934.3521929032447,1883.5277375197122,1904.7877715327506,41993.0
2017-04-11 00:00:00+00:00,1904.4871707599011,1919.0848959192167,1859.8642244388575,1880.7487142687944,52355.0
2017-04-12 00:00:00+00:00,1880.744432123604,1891.4450596871834,1872.254919591221,1882.687045127205,45502.0
2017-04-13 00:00:00+00:00,1884.1626445471875,1890.6193708869482,1856.8046284443838,1862.3516046495743,41890.0
2017-04-14 00:00:00+00:00,1862.8759181610471,1896.5809968449842,1851.768584030079,1884.8516549664048,11557.0
2017-04-15 00:00:00+00:00,1884.3992299445958,1931.2305902641983,1853.628473124891,1903.5976145295547,55882.0
2017-04-16 00:00:00+00:00,1904.2068212320032,1922.810131600565,1900.1977925616984,1918.4378087662476,58024.0
2017-04-17 00:00:00+00:00,1918.4977781729874,1948.5315750619502,1902.4604257653318,1934.1995259498165,18095.0
2017-04-18 00:00:00+00:00,1935.3947183989853,1957.9864432722443,1863.2268148049027,1873.225602594673,21908.0
2017-04-19 00:00:00+00:00,1872.0372441608772,1909.3893992178591,1857.8129903379838,1889.5319649825958,30109.0
2017-04-20 00:00:00+00:00,1889.6193365376237,1931.5947069860238,1882.9025340350693,1914.1939206588766,23293.0
2017-04-21 00:00:00+00:00,1914.9533450417362,1921.5392669769537,1886.1003323086607,1909.7310640926862,54003.0
2017-04-22 00:00:00+00:00,1908.7809799928139,1960.7128092110472,1896.3497102698814,1953.787486360771,47384.0
2017-04-23 00:00:00+00:00,1953.2213669568762,1957.3136840892935,1938.1246661794235,1943.2737017770276,14795.0
2017-04-24 00:00:00+00:00,1943.6541466082713,1958.3500795596458,1928.0836782233216,1950.7927034779423,40277.0
2017-04-25 00:00:00+00:00,1950.834922592391,1964.387040738482,1925.7261291375528,1949.683184130095,27655.0
2017-04-26 00:00:00+00:00,1949.4622491500263,1958.3949660337234,1937.9048505353417,1954.2082045998427,59718.0
2017-04-27 00:00:00+00:00,1954.4599137861553,1972.1669691917623,1946.349612852482,1950.6249170890487,51653.0
2017-04-28 00:00:00+00:00,1949.5623513960345,1971.09106075659,1934.2956734331242,1958.628308688442,24372.0
2017-04-29 00:00:00+00:00,1957.9894683410403,1963.8820995619787,1912.7731186764775,1922.546438406504,24394.0
2017-04-30 00:00:00+00:00,1923.8810077189187,1960.1435014680972,1914.5512899119683,1954.793225502613,45030.0
2017-05-01 00:00:00+00:00,1954.3061467967366,1973.4410540137428,1945.4524219678472,1969.6932132521447,8667.0
2017-05-02 00:00:00+00:00,1970.048571900519,2010.0279476928786,1958.6037329760109,2006.3530740125157,26846.0
2017-05-03 00:00:00+00:00,2006.3252744071,2024.520230778245,1980.62358278843,1997.462519305295,27861.0
2017-05-04 00:00:00+00:00,1998.1580719344113,2012.2025768335984,1992.523891027896,2004.4521112257444,41451.0
2017-05-05 00:00:00+00:00,2004.7282135591063,2023.2442682768954,1986.8406357814113,2007.8218353806385,28992.0
2017-05-06 00:00:00+00:00,2008.1582258884964,2043.3956915912747,1982.5550765982807,2028.0245179779997,45155.0
2017-05-07 00:00:00+00:00,2028.9761685608555,2049.158111783123,2013.3990932138609,2031.7023255989131,12198.0
2017-05-08 00:00:00+00:00,2031.9775773028382,2042.6958906221723,2010.1419102687587,2018.455210707436,26336.0
2017-05-09 00:00:00+00:00,2017.10873789125,2065.178099209609,1997.8371029636012,2039.3849891865923,22705.0
2017-05-10 00:00:00+00:00,2038.86590585965,2057.073961326659,2019.1108260899543,2042.683235627703,58916.0
2017-05-11 00:00:00+00:00,2043.853051008451,2111.2398766310057,2031.3963598592245,2106.345565274376,39795.0
2017-05-12 00:00:00+00:00,2107.2472520359024,2154.77252302202,2064.058789801711,2125.3777322535975,49675.0
2017-05-13 00:00:00+00:00,2125.198478117714,2151.602967071757,2086.120344709304,2095.596866815195,54943.0
2017-05-14 00:00:00+00:00,2094.292313443584,2152.842234255248,2084.165514736643,2143.622691856654,8239.0
2017-05-15 00:00:00+00:00,2143.032485250334,2167.448889978174,2116.689881232339,2154.7039771022337,27065.0
2017-05-16 00:00:00+00:00,2156.4967690462395,2191.726766899057,2132.0738416262902,2164.6847325836407,36953.0
2017-05-17 00:00:00+00:00,2165.7283461663137,2176.905610288488,2151.2333446026214,2170.8229084585514,9222.0
2017-05-18 00:00:00+00:00,2171.8895196416024,2189.2584711618233,2123.8293846902397,2138.4763133446404,51423.0
2017-05-19 00:00:00+00:00,2137.12678745034,2177.40173618976,2131.9955986890877,2163.2426150513093,17827.0
2017-05-20 00:00:00+00:00,2162.096639827511,2173.547028970658,2157.5204501897647,2160.7885705989006,18948.0
2017-05-21 00:00:00+00:00,2160.2994400310504,2179.596608016642,2152.32064540489,2170.664144049623,15921.0
2017-05-22 00:00:00+00:00,2169.514791667047,2196.0549340915463,2136.433551898708,2166.2327538732584,57905.0
2017-05-23 00:00:00+00:00,2166.344285038106,2207.1258396874464,2147.318267906485,2195.7428671515017,22132.0
2017-05-24 00:00:00+00:00,2194.8088716748002,2208.160607348871,2158.4397801895357,2170.9769888896813,52602.0
2017-05-25 00:00:00+00:00,2171.399380930711,2199.89482015836,2158.6205406757103,2181.5415217100776,52533.0
2017-05-26 00:00:00+00:00,2181.364294163074,2194.9155814373703,2166.110201585728,2184.880449854107,20359.0
2017-05-27 00:00:00+00:00,2184.4109112337196,2209.7622918676566,2177.5893140887206,2205.865131438736,49729.0
2017-05-28 00:00:00+00:00,2206.4495525531242,2216.2316500809243,2179.165118399742,2186.4567262024702,31080.0
2017-05-29 00:00:00+00:00,2186.859116402206,2202.471296050276,2172.967870417468,2193.301735687767,29128.0
2017-05-30 00:00:00+00:00,2193.4295876843526,2210.7537333189284,2183.2779525782394,2197.9683614003684,50048.0
2017-05-31 00:00:00+00:00,2197.665656579726,2204.834186092299,2185.9674859847187,2192.5193728597615,58759.0
2017-06-01 00:00:00+00:00,2192.49047298725,2201.5587631785224,2173.5385319475745,2180.0804764684394,34281.0
2017-06-02 00:00:00+00:00,2178.4332599933455,2192.50790524659,2155.1064961876223,2163.3116128050815,47093.0
2017-06-03 00:00:00+00:00,2161.6490847884543,2165.4828621388215,2127.0997475226045,2132.165933757552,42891.0
2017-06-04 00:00:00+00:00,2131.608774671339,2136.9764272668294,2094.700662676917,2104.1866145894587,50939.0
2017-06-05 00:00:00+00:00,2104.314614758759,2119.1994405542778,2090.786514589399,2097.7043639346093,14037.0
2017-06-06 00:00:00+00:00,2099.1787853142987,2121.0841780286987,2073.579178322408,2095.7258800203194,59270.0
2017-06-07 00:00:00+00:00,2096.067423455302,2103.9870810512684,2084.98106109445,2093.73395822707,18825.0
2017-06-08 00:00:00+00:00,2092.9286798018925,2111.916207444246,2079.3174027243804,2096.4359653802608,57848.0
2017-06-09 00:00:00+00:00,2096.045788564826,2102.344653370951,2067.1454702160263,2077.581860752544,28059.0
2017-06-10 00:00:00+00:00,2076.5563265787946,2089.120286624103,2062.3538901010747,2083.7063703494005,15088.0
2017-06-11 00:00:00+00:00,2083.682336514486,2088.300386228249,2069.7899801750464,2073.552498980548,33769.0
2017-06-12 00:00:00+00:00,2073.4902824818114,2078.2767033687696,2063.8229097601575,2068.8053718816946,42308.0
2017-06-13 00:00:00+00:00,2068.786127838273,2075.707664765056,2046.736132753173,2062.0081758847214,5322.0
2017-06-14 00:00:00+00:00,2062.2399968254012,2066.0160209461787,2052.948954181797,2061.8835992861814,54865.0
2017-06-15 00:00:00+00:00,2062.741993326422,2074.7671116947627,2048.0375540443742,2067.5773668113925,9474.0
2017-06-16 00:00:00+00:00,2068.1470316297355,2097.4572659073347,2061.361209845969,2089.8680447429037,38085.0
2017-06-17 00:00:00+00:00,2088.92618389348,2094.541636604643,2080.162501556249,2088.070468363552,13409.0
2017-06-18 00:00:00+00:00,2088.77726397595,2093.191450718777,2073.5383633355214,2080.8206994702023,43433.0
2017-06-19 00:00:00+00:00,2079.9995998801082,2085.81316292671,2058.5685210517495,2070.4110294579746,38541.0
2017-06-20 00:00:00+00:00,2070.7347288368455,2080.5681691474883,2066.0967808957025,2072.7040635935596,42691.0
2017-06-21 00:00:00+00:00,2072.7935794307296,2087.59744710604,2070.0486076270495,2081.9483170900835,10253.0
2017-06-22 00:00:00+00:00,2083.340878363565,2088.127716757742,2061.2046983437563,2070.581470127187,15772.0
2017-06-23 00:00:00+00:00,2070.5106880577964,2076.1265586561494,2064.57777309691,2067.7890351954834,54118.0
2017-06-24 00:00:00+00:00,2067.7226180166567,2081.648096991574,2064.496578722637,2076.4595011399706,46721.0
2017-06-25 00:00:00+00:00,2076.246765939817,2085.227897470375,2061.5394210874338,2079.264183455631,20976.0
2017-06-26 00:00:00+00:00,2079.9824030712184,2087.0874730718515,2057.925482130247,2063.839160219196,32849.0
2017-06-27 00:00:00+00:00,2064.104574455082,2105.7473117072404,2051.59642239194,2101.2586286632973,58638.0
2017-06-28 00:00:00+00:00,2101.05114646333,2120.017331450712,2083.8555716046676,2093.154943926561,6949.0
2017-06-29 00:00:00+00:00,2093.8567429974573,2116.5778462085095,2083.155915939001,2094.521585693629,15843.0
2017-06-30 00:00:00+00:00,2096.2746010639703,2099.144725835346,2087.5375004549564,2094.5757213718102,42533.0
2017-07-01 00:00:00+00:00,2095.9335353605893,2108.4509260448017,2089.4873273930957,2096.6388282077387,37810.0
2017-07-02 00:00:00+00:00,2097.894001316508,2109.8355921087064,2073.5281659903517,2090.3140449755383,51552.0
2017-07-03 00:00:00+00:00,2089.888337580722,2119.814767060539,2069.73229994287,2100.6157505094775,36077.0
2017-07-04 00:00:00+00:00,2100.555129337483,2112.1311515089474,2066.9188717922366,2081.7938824502467,32918.0
2017-07-05 00:00:00+00:00,2081.9429650129873,2097.8651135464943,2078.50913817245,2092.847963130588,17016.0
2017-07-06 00:00:00+00:00,2091.4592694166263,2097.178102334119,2080.047865002408,2085.517867385582,23656.0
2017-07-07 00:00:00+00:00,2086.9491075428996,2104.881188269095,2083.24516099148,2100.4030716270117,21609.0
2017-07-08 00:00:00+00:00,2099.2300044164454,2118.556052828471,2088.9252295963215,2100.8878287833795,7383.0
2017-07-09 00:00:00+00:00,2101.2369880177685,2109.9363070024165,2039.9174309617133,2048.579212008809,37095.0
2017-07-10 00:00:00+00:00,2047.599610759409,2061.3626957100305,2040.0012737189647,2056.580654055682,23992.0
2017-07-11 00:00:00+00:00,2056.6998393438826,2089.454749428447,2051.8887576485113,2082.6130482236294,18668.0
2017-07-12 00:00:00+00:00,2083.309227250988,2104.2623443670645,2064.06400824374,2092.084303665318,16192.0
2017-07-13 00:00:00+00:00,2092.5328815591006,2100.29201416283,2037.7470278479861,2059.949234596673,18716.0
2017-07-14 00:00:00+00:00,2059.2700815552034,2080.8254340902126,2033.3922477095646,2068.413319870887,8036.0
2017-07-15 00:00:00+00:00,2067.902388867127,2087.584946679504,2054.281875189064,2066.112346861743,33608.0
2017-07-16 00:00:00+00:00,2066.886615358428,2109.622851528028,2040.5297503850577,2085.908317576806,47910.0
2017-07-17 00:00:00+00:00,2085.8745730572364,2107.8917269007775,2079.006616675725,2095.9262285810755,21561.0
2017-07-18 00:00:00+00:00,2096.0418197499857,2112.788247761948,2092.3308628821883,2103.7289995987826,38314.0
2017-07-19 00:00:00+00:00,2104.5248783519946,2126.4457199613475,2089.437952373601,2100.695111244775,54600.0
2017-07-20 00:00:00+00:00,2098.635837136368,2121.5458115526008,2088.8912040854007,2110.927223139021,39606.0
2017-07-21 00:00:00+00:00,2111.159543656084,2119.0839633935134,2106.4021610625014,2114.596384645031,43294.0
2017-07-22 00:00:00+00:00,2115.667283278203,2148.9137069756616,2110.423422887205,2131.6741162287935,29440.0
2017-07-23 00:00:00+00:00,2133.1912729608857,2157.883048754472,2125.785885281493,2150.2386089879674,51033.0
2017-07-24 00:00:00+00:00,2150.8398206293,2191.1975905203853,2147.143326069621,2185.4677545466548,15226.0
2017-07-25 00:00:00+00:00,2184.8586200251557,2196.5208822142818,2159.1917339998627,2183.0291912772777,23006.0
2017-07-26 00:00:00+00:00,2183.8816356469006,2191.858433885366,2161.9412766176365,2182.5904797432295,10484.0
2017-07-27 00:00:00+00:00,2184.22149433002,2192.937542632755,2173.2799605989303,2182.0667885131015,11548.0
2017-07-28 00:00:00+00:00,2181.5411566534226,2202.2120302155463,2172.975263900898,2189.626666978725,54741.0
2017-07-29 00:00:00+00:00,2189.0278808188004,2202.0764454956925,2182.872616225664,2187.0865181804998,22612.0
2017-07-30 00:00:00+00:00,2186.9801027950266,2192.3167643816873,2164.097088757986,2176.708897546366,28422.0
2017-07-31 00:00:00+00:00,2176.3792778586653,2195.739062027782,2164.355223821443,2190.7260347583892,43769.0
2017-08-01 00:00:00+00:00,2188.9910598835536,2204.3783240530965,2173.358162218155,2195.367125163804,8632.0
2017-08-02 00:00:00+00:00,2193.3476951767802,2203.74523796451,2189.6254612682396,2198.250164284158,34932.0
2017-08-03 00:00:00+00:00,2197.1408057827484,2216.9050792014846,2171.6878547849246,2192.158629141845,43564.0
2017-08-04 00:00:00+00:00,2191.6367529120753,2198.17602393902,2182.720166764233,2190.0355008210736,50906.0
2017-08-05 00:00:00+00:00,2190.431772491283,2194.1661263802744,2150.6684885909867,2154.3099130199626,29927.0
2017-08-06 00:00:00+00:00,2153.8847144894344,2162.0126219477424,2142.8528633723877,2147.391846458198,50634.0
2017-08-07 00:00:00+00:00,2147.563038991456,2156.533455085568,2130.837453432517,2141.012114273759,47954.0
2017-08-08 00:00:00+00:00,2142.1846194184554,2159.780088918711,2126.1796540584696,2141.1367811512937,55419.0
2017-08-09 00:00:00+00:00,2143.678507814816,2150.3705236538035,2118.939134515832,2121.9695163752317,43699.0
2017-08-10 00:00:00+00:00,2122.7212962788876,2130.480310060835,2114.7743742080647,2123.7308884981076,24745.0
2017-08-11 00:00:00+00:00,2122.936482858483,2144.578749439653,2119.256671169324,2140.5931144381957,44869.0
2017-08-12 00:00:00+00:00,2141.4512125180045,2149.657169729791,2127.98063281481,2138.0242575431807,50544.0
2017-08-13 00:00:00+00:00,2138.0426800545256,2142.9885720105794,2130.2720204446996,2139.750199729817,27801.0
2017-08-14 00:00:00+00:00,2140.0592252175934,2145.840856938959,2138.1984653373083,2141.370653064404,15879.0
2017-08-15 00:00:00+00:00,2142.2025978773922,2152.081179320701,2136.0765830342143,2147.321745118204,24052.0
2017-08-16 00:00:00+00:00,2147.9961933461623,2151.238077709769,2101.20738255638,2115.6871466585703,24644.0
2017-08-17 00:00:00+00:00,2114.6156944446143,2131.395174144519,2106.8922447718114,2127.2358788873635,12140.0
2017-08-18 00:00:00+00:00,2126.302434293099,2135.5866976272478,2120.615384073149,2129.788983163646,55196.0
2017-08-19 00:00:00+00:00,2130.0323622515016,2137.7745465286757,2117.9427937813266,2124.0023119621665,10686.0
2017-08-20 00:00:00+00:00,2124.6099930961473,2126.9701080597797,2119.755185276266,2124.7347492425274,53351.0
2017-08-21 00:00:00+00:00,2126.513217496832,2132.608872615489,2113.193385898446,2117.7256839298616,42589.0
2017-08-22 00:00:00+00:00,2118.2450049468207,2123.481071648477,2115.6459513782297,2117.5943873567057,52616.0
2017-08-23 00:00:00+00:00,2117.3093271596376,2133.419581764269,2107.8259127809724,2124.9486467427673,57291.0
2017-08-24 00:00:00+00:00,2124.5611576900938,2137.5190682217294,2122.6902809322514,2131.2643949326766,14871.0
2017-08-25 00:00:00+00:00,2130.687002430811,2138.6294885897764,2128.7839749839454,2131.8409537991392,45593.0
2017-08-26 00:00:00+00:00,2130.7720322983587,2145.9403915645753,2122.3013410816106,2142.8333334392137,30496.0
2017-08-27 00:00:00+00:00,2141.752346885374,2164.651460108355,2135.8972506864966,2155.6001475361027,27619.0
2017-08-28 00:00:00+00:00,2155.1486643472967,2164.898808786689,2139.6631005166223,2150.438961588753,25437.0
2017-08-29 00:00:00+00:00,2150.5374362692523,2159.2224121805657,2146.2249233854436,2153.4960713777687,35231.0
2017-08-30 00:00:00+00:00,2152.8623177447935,2167.6960396165873,2147.3463575460555,2161.0342823958076,20734.0
2017-08-31 00:00:00+00:00,2161.0622629873337,2162.5438596805666,2153.7549963385077,2157.652751449551,7611.0
2017-09-01 00:00:00+00:00,2157.4307887118516,2160.189818335242,2149.4942249847786,2151.808461887011,38666.0
2017-09-02 00:00:00+00:00,2151.630886778021,2155.685894626715,2144.019271632385,2146.807323552099,50517.0
2017-09-03 00:00:00+00:00,2146.455837630973,2160.4496492848243,2143.2087845158662,2148.6112754539427,15611.0
2017-09-04 00:00:00+00:00,2148.8701501329037,2159.417872162177,2143.034518387398,2149.9228034539706,6354.0
2017-09-05 00:00:00+00:00,2149.952368777754,2154.235587130937,2138.492861794302,2142.7705939106327,21503.0
2017-09-06 00:00:00+00:00,2140.557370499752,2151.406192051105,2129.4384103596713,2138.267727737548,17114.0
2017-09-07 00:00:00+00:00,2138.504967514853,2144.016652886564,2124.604985833605,2126.599301084747,40532.0
2017-09-08 00:00:00+00:00,2126.701912603446,2133.7193228550173,2118.1558033155375,2121.858633299109,59038.0
2017-09-09 00:00:00+00:00,2121.3647441686567,2125.214853403111,2119.0031401173537,2121.2813373924855,10336.0
2017-09-10 00:00:00+00:00,2121.436722568892,2129.4410364029613,2095.183955849811,2097.332651725574,32471.0
2017-09-11 00:00:00+00:00,2096.7747488676814,2107.597791900114,2094.0987507207283,2106.1157842277257,41510.0
2017-09-12 00:00:00+00:00,2106.230332011791,2109.3396750450215,2099.245398031226,2103.290317777227,25777.0
2017-09-13 00:00:00+00:00,2102.5817299026317,2111.596001390909,2099.9479277971614,2108.782993467273,44288.0
2017-09-14 00:00:00+00:00,2109.360396669435,2122.5513940028454,2101.3274065184187,2117.764916218123,51091.0
2017-09-15 00:00:00+00:00,2118.067592905825,2121.5174362081425,2107.456472421754,2117.7050832842197,55132.0
2017-09-16 00:00:00+00:00,2116.513485897616,2133.4795479659692,2108.7314355449594,2117.0181274448646,42746.0
2017-09-17 00:00:00+00:00,2116.4502716126267,2129.2273024234983,2098.5216193702113,2101.9254071235596,22867.0
2017-09-18 00:00:00+00:00,2102.5173799888667,2110.624936074875,2011.389011151633,2020.7450907044865,25061.0
2017-09-19 00:00:00+00:00,2021.0792576117358,2027.6774766738502,2011.2806559531198,2018.9436489124296,15524.0
2017-09-20 00:00:00+00:00,2019.066030154904,2032.7072069157618,2014.7213214532958,2024.0829815660552,40153.0
2017-09-21 00:00:00+00:00,2023.1950953187034,2026.1481713261185,2015.4603305781707,2021.803891584534,24106.0
2017-09-22 00:00:00+00:00,2021.2761648350577,2038.8324409018674,2017.0616885687407,2030.8436530319718,28751.0
2017-09-23 00:00:00+00:00,2030.9852407943147,2038.326273950632,2006.262742623387,2016.857186548785,31766.0
2017-09-24 00:00:00+00:00,2017.1025807382473,2020.458534363893,2009.9269593705444,2012.3080833879158,44391.0
2017-09-25 00:00:00+00:00,2012.3070149517991,2025.0668516449707,2005.7409459692524,2017.3068441169448,22762.0
2017-09-26 00:00:00+00:00,2016.6607143257213,2024.018327871662,2002.438416190004,2016.7389106760047,8281.0
2017-09-27 00:00:00+00:00,2016.5687351841625,2032.9171417005412,2006.6003962501318,2021.2633162963723,58682.0
2017-09-28 00:00:00+00:00,2020.8818053632144,2022.5841001831395,2011.2890757441232,2013.6549536867203,43068.0
2017-09-29 00:00:00+00:00,2012.747982976999,2019.833224365529,2002.896976239319,2016.077093788984,17679.0
2017-09-30 00:00:00+00:00,2015.218784376119,2070.1094466167956,2007.9726810519005,2055.0335086626546,11789.0
2017-10-01 00:00:00+00:00,2054.391567101402,2060.0992724145626,2042.4631025470205,2053.065283683517,5766.0
2017-10-02 00:00:00+00:00,2051.86661250599,2055.300222694085,2042.462225813482,2045.2678548313145,15550.0
2017-10-03 00:00:00+00:00,2045.6535062763107,2063.36600615268,2032.5843027075798,2055.159690153569,54583.0
2017-10-04 00:00:00+00:00,2055.787738674324,2076.55618330449,2050.411106088511,2062.988619712807,17032.0
2017-10-05 00:00:00+00:00,2063.713593934609,2078.3399114494437,2038.093313525678,2043.935946698933,11279.0
2017-10-06 00:00:00+00:00,2043.321015876277,2053.9454416128447,2029.2649708648958,2039.6560887850171,44483.0
2017-10-07 00:00:00+00:00,2039.0631712232828,2042.3381501258602,2037.5777833808784,2039.9083025400996,5911.0
2017-10-08 00:00:00+00:00,2040.1144633402414,2049.1290082344885,2025.9086728293723,2034.043358319006,55296.0
2017-10-09 00:00:00+00:00,2033.6780949715558,2042.2661608130497,2027.7508501224738,2036.451853704107,47094.0
2017-10-10 00:00:00+00:00,2036.2097311872485,2049.198277599674,2022.6900270263038,2045.0871875425842,30974.0
2017-10-11 00:00:00+00:00,2044.8434975560085,2048.0662415159036,2038.203350289069,2044.2509836318332,33147.0
2017-10-12 00:00:00+00:00,2042.969702390173,2058.28597070271,2035.9378615862115,2049.731607011636,44088.0
2017-10-13 00:00:00+00:00,2050.7548814992942,2057.0386531596487,2033.7043245932164,2039.9543494917173,16385.0
2017-10-14 00:00:00+00:00,2038.814241220698,2066.0719608514505,2026.2435142091567,2060.2556204956313,37439.0
2017-10-15 00:00:00+00:00,2058.9919179053654,2060.9868063836484,2049.4693023794484,2052.8514232465964,44385.0
2017-10-16 00:00:00+00:00,2053.502738181084,2063.7773552482795,2042.5949056139586,2044.9734221109293,30636.0
2017-10-17 00:00:00+00:00,2044.1013270989997,2061.922151359277,2027.5191601350857,2047.0479346355353,12337.0
2017-10-18 00:00:00+00:00,2047.909516907998,2058.1585287765733,2043.8105293916788,2050.3185566538828,55661.0
2017-10-19 00:00:00+00:00,2050.596473572469,2069.745184906463,2032.7054067383012,2058.9965963756304,24985.0
2017-10-20 00:00:00+00:00,2059.28677424408,2061.7980472653935,2056.2594409968556,2059.4831363683597,47026.0
2017-10-21 00:00:00+00:00,2059.1800773690384,2062.534665105607,2051.8372671508487,2054.9677891163124,12870.0
2017-10-22 00:00:00+00:00,2053.835228820162,2068.097139170953,2049.4152091642422,2060.45118778948,30512.0
2017-10-23 00:00:00+00:00,2059.498907842804,2069.3650830786337,2042.20224891393,2053.8437766152783,45908.0
2017-10-24 00:00:00+00:00,2053.9285278855045,2056.2814146991013,2037.2562804758054,2039.9524206619626,53056.0
2017-10-25 00:00:00+00:00,2039.8687141365688,2066.0397627467814,2026.057905031354,2049.596527468151,35474.0
2017-10-26 00:00:00+00:00,2048.632084518214,2058.9459372825513,2035.6035877413954,2044.580141603403,9662.0
2017-10-27 00:00:00+00:00,2043.671053609895,2057.741871280647,2039.2956529284374,2053.252150966768,51723.0
2017-10-28 00:00:00+00:00,2052.5587990086187,2061.0663509228507,2044.4904687016565,2054.514500309688,43384.0
2017-10-29 00:00:00+00:00,2054.466115496102,2068.017612505271,2050.2145658513664,2055.023385333416,18432.0
2017-10-30 00:00:00+00:00,2055.3765957898668,2063.469661053435,2024.939550221308,2031.17604362345,18581.0
2017-10-31 00:00:00+00:00,2031.8928270181166,2034.5098225524657,2018.4250374534672,2023.0945820762595,23220.0
2017-11-01 00:00:00+00:00,2022.8024934012108,2038.712746802839,2018.5594107153142,2030.7879440495335,21898.0
2017-11-02 00:00:00+00:00,2031.924303030339,2036.5598490984548,2025.5251516851336,2026.9329063444038,54485.0
2017-11-03 00:00:00+00:00,2027.5018247216162,2044.7165808902662,2017.5574000367635,2034.0678678633467,29645.0
2017-11-04 00:00:00+00:00,2035.24033230053,2048.2047764960407,2024.2856454723653,2036.2106557630393,17738.0
2017-11-05 00:00:00+00:00,2035.5165494132139,2043.8435764924304,2012.9087988179529,2034.7176296467908,11934.0
2017-11-06 00:00:00+00:00,2035.1781143441447,2042.9528764464403,1985.5322164051834,1995.8653721849323,45607.0
2017-11-07 00:00:00+00:00,1996.7122788833535,2012.7966597576549,1970.6185217342177,1979.7007364744406,28356.0
2017-11-08 00:00:00+00:00,1978.3357144098325,1980.5611273721574,1966.7247935288729,1972.5210099323515,38983.0
2017-11-09 00:00:00+00:00,1973.2309275729606,1983.1818764987474,1959.6564907142836,1971.4545751981384,8731.0
2017-11-10 00:00:00+00:00,1971.772761064841,1982.09801541972,1959.8728016452792,1965.9498854711107,14313.0
2017-11-11 00:00:00+00:00,1966.654242610236,1969.9068061564758,1933.9214375771305,1947.8959855261971,47910.0
2017-11-12 00:00:00+00:00,1948.0275394520652,1967.173002371814,1927.8825130018834,1938.3546442091308,28047.0
2017-11-13 00:00:00+00:00,1939.2201885774248,1958.312276203545,1930.9425503404245,1953.327258761753,25169.0
2017-11-14 00:00:00+00:00,1953.0074432041663,1988.9162656201447,1936.9672720952487,1977.3185559779447,58903.0
2017-11-15 00:00:00+00:00,1976.9191841080062,2026.8546137506978,1973.8477623963443,2020.6510724831683,24423.0
2017-11-16 00:00:00+00:00,2021.217149861473,2030.047636865047,2009.627482324071,2017.384578751275,58491.0
2017-11-17 00:00:00+00:00,2017.95288209876,2047.8246508599811,2007.4415523526402,2028.1972857585124,11222.0
2017-11-18 00:00:00+00:00,2027.1381352262522,2056.412122190674,2015.0776097372861,2029.9338463255258,42699.0
2017-11-19 00:00:00+00:00,2030.8833201399955,2041.3439546843942,2008.8146704278117,2011.310718675407,41364.0
2017-11-20 00:00:00+00:00,2012.2306691700173,2027.9456438862167,1996.0709618421963,2015.8923875702997,43412.0
2017-11-21 00:00:00+00:00,2016.6990585461372,2037.7443641273824,1986.45979273005,2009.4609932744672,26277.0
2017-11-22 00:00:00+00:00,2008.893845904524,2016.8664214133773,1976.3366334624413,1983.7465426726017,38805.0
2017-11-23 00:00:00+00:00,1984.7198002358668,1999.74609925082,1977.7958106316032,1983.3274870401692,9527.0
2017-11-24 00:00:00+00:00,1983.7272047012452,1996.8257506731711,1965.2298272662874,1979.9965964722485,23378.0
2017-11-25 00:00:00+00:00,1980.710700099033,1988.6886988847643,1974.0138055155555,1982.3283507912595,55885.0
2017-11-26 00:00:00+00:00,1982.2896114590749,2011.524724701865,1977.9911061812563,2006.2794352200563,7258.0
2017-11-27 00:00:00+00:00,2005.9459419765362,2016.6421559502985,1987.4045142179957,1997.980753661443,16874.0
2017-11-28 00:00:00+00:00,1997.4354660704962,2010.7280587754403,1973.007216919322,1985.678444828024,27190.0
2017-11-29 00:00:00+00:00,1985.2078212605636,1987.9939652489636,1967.7410873333904,1972.6092005783084,6882.0
2017-11-30 00:00:00+00:00,1973.2976150666009,1997.2803294198718,1969.149423549675,1990.8644164970672,19162.0
2017-12-01 00:00:00+00:00,1990.2695052631702,1991.6346320806986,1981.213951563253,1983.726154705544,21654.0
2017-12-02 00:00:00+00:00,1983.2534824343788,1986.4419929589526,1973.7262370192318,1977.6411484726625,59698.0
2017-12-03 00:00:00+00:00,1977.8947175305245,1984.3333771192283,1962.0785859209097,1969.4465713537002,41752.0
2017-12-04 00:00:00+00:00,1969.2468884921536,1976.332272592335,1963.114015254338,1969.77384789299,57430.0
2017-12-05 00:00:00+00:00,1968.208239304459,1973.2875902183068,1957.669319044071,1970.0381198207103,55565.0
2017-12-06 00:00:00+00:00,1969.537725785169,1982.6228625017839,1957.596567572638,1977.3176864794714,19558.0
2017-12-07 00:00:00+00:00,1977.0415049308026,1988.3348028393486,1973.9501666585202,1983.8162289242903,55086.0
2017-12-08 00:00:00+00:00,1985.0558022855348,1994.836719807107,1980.4007577073814,1991.0240054836022,37869.0
2017-12-09 00:00:00+00:00,1991.5393370368186,1997.491137916515,1974.6833305215875,1982.6567199632107,28674.0
2017-12-10 00:00:00+00:00,1981.890089148502,2001.055938059238,1978.1412235595785,1989.4637546485133,54360.0
2017-12-11 00:00:00+00:00,1988.6152964035573,1993.1150396018927,1977.540323797263,1985.6584683623876,24311.0
2017-12-12 00:00:00+00:00,1985.308620785087,1988.319319813877,1980.0574767866697,1986.1653099381458,49870.0
2017-12-13 00:00:00+00:00,1986.3405420693261,2007.1511291737675,1983.4123035554176,2002.0053893104068,6648.0
2017-12-14 00:00:00+00:00,2001.4012092548649,2009.8140475608418,1981.333912440748,1994.683740304925,57218.0
2017-12-15 00:00:00+00:00,1995.0210754700443,2002.0580218445393,1975.2548860817956,1983.557600703281,33880.0
2017-12-16 00:00:00+00:00,1982.4781296651795,1993.452964802501,1952.0670846383387,1963.0347506206783,33843.0
2017-12-17 00:00:00+00:00,1963.2858431000423,1972.3216380112676,1958.6484354345753,1967.7695598491096,50135.0
2017-12-18 00:00:00+00:00,1968.6781163487906,1972.3668656114253,1957.445009264569,1965.545502640075,26689.0
2017-12-19 00:00:00+00:00,1963.521558890636,1975.348404370976,1958.9506026783333,1963.9317960311412,45347.0
2017-12-20 00:00:00+00:00,1963.9102900995847,1971.2065404380696,1957.9580336559502,1963.3293643587913,25942.0
2017-12-21 00:00:00+00:00,1963.52271219759,1966.2650574479028,1948.8611562867466,1957.6726164763995,46890.0
2017-12-22 00:00:00+00:00,1958.014037378517,1962.473102568084,1946.9281499233562,1952.0281316608903,19488.0
2017-12-23 00:00:00+00:00,1952.1043769561468,1975.4011092371636,1941.7253835538988,1957.8835243718634,18995.0
2017-12-24 00:00:00+00:00,1957.8339030691357,1962.828254058113,1926.540169209563,1938.3695112891737,28750.0
2017-12-25 00:00:00+00:00,1938.582493315963,1968.955279407835,1932.6192288845662,1956.9754517060608,20845.0
2017-12-26 00:00:00+00:00,1957.0589517135934,1973.1237835802153,1953.9920878034359,1964.7644861547878,25735.0
2017-12-27 00:00:00+00:00,1964.8337549055746,1972.4101310022643,1940.6448251715815,1955.9022383139495,25128.0
2017-12-28 00:00:00+00:00,1957.0960278710722,1972.0104418867982,1943.17974004077,1952.7461896067814,22816.0
2017-12-29 00:00:00+00:00,1953.5217851237032,1970.934605651371,1937.237175570957,1960.3632996371387,34456.0
2017-12-30 00:00:00+00:00,1961.0650124280207,1989.8461587963639,1957.0046012936698,1978.4118232501448,39469.0
2017-12-31 00:00:00+00:00,1977.9277202469464,1996.548765264379,1951.494414803935,1958.4900685373077,24863.0
2018-01-01 00:00:00+00:00,1958.121962225733,1962.1554174531193,1952.5948978868935,1959.7318160692455,42616.0
2018-01-02 00:00:00+00:00,1960.534176334155,1975.9665916948713,1945.617939790954,1956.815417222279,56725.0
2018-01-03 00:00:00+00:00,1956.021400145141,1971.3405698798488,1949.3707663519895,1963.8369379891294,15325.0
2018-01-04 00:00:00+00:00,1964.612101475348,1970.0456687758908,1949.1436502695376,1959.0642762127613,21508.0
2018-01-05 00:00:00+00:00,1958.0433110103938,1963.655149756362,1951.9843717400634,1961.9315713706358,27149.0
2018-01-06 00:00:00+00:00,1963.5461158085031,1967.733361599496,1957.8532019684571,1959.2394566185687,10584.0
2018-01-07 00:00:00+00:00,1960.1804532869255,1972.6533186133101,1941.3633825131162,1952.4933717388722,8295.0
2018-01-08 00:00:00+00:00,1952.0793477646089,1961.906668570066,1933.7190791436733,1946.3912626749293,30207.0
2018-01-09 00:00:00+00:00,1946.0439198313607,1961.6116269180582,1944.5573126902407,1956.1859102971978,10730.0
2018-01-10 00:00:00+00:00,1954.640687218768,1960.5842539480113,1948.3278260057257,1958.8587478772263,5245.0
2018-01-11 00:00:00+00:00,1958.8213882838086,1963.5859128432874,1947.5373678817214,1952.729122997108,57247.0
2018-01-12 00:00:00+00:00,1953.6285449150714,1970.09734468377,1941.6977432279702,1951.8979279528064,7300.0
2018-01-13 00:00:00+00:00,1952.3587010039232,1963.2185721277654,1942.2148813786769,1951.2062171507423,33350.0
2018-01-14 00:00:00+00:00,1951.0101284927557,1964.714292031761,1914.2388409226273,1921.5173043783884,28300.0
2018-01-15 00:00:00+00:00,1923.0398731988312,1927.7294392299987,1894.7329398278307,1902.291901773795,48386.0
2018-01-16 00:00:00+00:00,1902.6993294874787,1916.107914902164,1897.8143992009002,1910.8278141397611,42966.0
2018-01-17 00:00:00+00:00,1911.1329194611112,1914.4743518469213,1908.6846084733738,1910.171954972657,16752.0
2018-01-18 00:00:00+00:00,1909.9527557561605,1926.2039637126245,1905.106584756759,1915.1027850217993,37700.0
2018-01-19 00:00:00+00:00,1915.5346675268938,1917.6940755123667,1902.2617442129952,1908.8615277313447,52387.0
2018-01-20 00:00:00+00:00,1910.796065884867,1914.0922132927242,1903.4189832829354,1909.6011095916335,19021.0
2018-01-21 00:00:00+00:00,1909.933988480672,1921.0758958238741,1904.5351656685605,1914.4721418578233,43131.0
2018-01-22 00:00:00+00:00,1913.238036205316,1937.9494603783075,1903.1987600617344,1932.5243819322875,27978.0
2018-01-23 00:00:00+00:00,1932.6878009904833,1948.8931168535296,1926.7232756975516,1936.1997644080843,27006.0
2018-01-24 00:00:00+00:00,1937.6328922170192,1944.020169263728,1932.764560030736,1938.093070779399,19592.0
2018-01-25 00:00:00+00:00,1938.9860294956204,1949.9890636552568,1934.54143154978,1947.7813146730814,58669.0
2018-01-26 00:00:00+00:00,1947.3932146289685,1952.8006337141753,1934.6541551783764,1942.0564228501385,9205.0
2018-01-27 00:00:00+00:00,1942.3190217107647,1975.7980934709772,1933.0403127996146,1967.1640972075174,22000.0
2018-01-28 00:00:00+00:00,1966.0423723609283,1973.4343817736333,1945.8685428350832,1963.4674651787723,28160.0
2018-01-29 00:00:00+00:00,1963.9534560169898,2001.4901226073112,1943.2348303457206,1979.4969923739861,33572.0
2018-01-30 00:00:00+00:00,1978.825296639033,1997.4327136135425,1950.4635579559838,1958.458884679438,36584.0
2018-01-31 00:00:00+00:00,1958.0565301546044,1975.0428888332121,1943.7273547586583,1966.4901883746174,43686.0
2018-02-01 00:00:00+00:00,1966.058581097825,1984.2940255573183,1935.8977082236472,1956.8732361086984,23721.0
2018-02-02 00:00:00+00:00,1956.33169444738,1967.4464734517778,1925.7593601482802,1945.2524735223892,19347.0
2018-02-03 00:00:00+00:00,1946.528246875033,1965.617767310967,1846.8530992209528,1864.834539563252,31158.0
2018-02-04 00:00:00+00:00,1865.9002917245266,1888.3130839451612,1847.555828387976,1867.269665243607,6424.0
2018-02-05 00:00:00+00:00,1867.0622789686947,1914.5161511900017,1847.4736116404474,1894.3574332740411,45496.0
2018-02-06 00:00:00+00:00,1894.4279915089776,1911.2088845213475,1868.5231184077948,1890.1233401529978,29005.0
2018-02-07 00:00:00+00:00,1891.3552441738686,1899.4776364456566,1883.8931196855742,1896.0623667469786,8235.0
2018-02-08 00:00:00+00:00,1895.8518835975672,1904.9973724330055,1887.9180791713138,1895.5552928592924,11304.0
2018-02-09 00:00:00+00:00,1895.2285560878797,1907.674478837209,1880.2558636116516,1892.0300048927597,6215.0
2018-02-10 00:00:00+00:00,1891.4095169972768,1918.5589305075978,1882.6930503269655,1905.7384379556245,23791.0
2018-02-11 00:00:00+00:00,1906.888242107402,1916.8938784147738,1880.306690245245,1896.7298538267457,29394.0
2018-02-12 00:00:00+00:00,1896.8502483590783,1971.5686961616027,1893.4925640352683,1965.9161861078458,42536.0
2018-02-13 00:00:00+00:00,1965.9230705442333,1984.1878165798587,1939.7810613967401,1954.7203344118086,28485.0
2018-02-14 00:00:00+00:00,1954.4009162646266,1964.0137741642855,1932.3171202701667,1943.953494571763,42993.0
2018-02-15 00:00:00+00:00,1943.2682990882272,1951.4141143110455,1904.7801304862953,1917.3609552953533,53623.0
2018-02-16 00:00:00+00:00,1918.067739277876,1923.7614669762502,1862.2295342443958,1882.315187211241,15543.0
2018-02-17 00:00:00+00:00,1881.7510982236543,1963.9095853403016,1867.7864300702265,1944.2855435992435,48061.0
2018-02-18 00:00:00+00:00,1943.8924347683128,1956.585584516957,1938.6431072068851,1946.3283630960661,55328.0
2018-02-19 00:00:00+00:00,1945.0613970049267,1977.297103616725,1879.0552979614363,1891.9871855492206,19447.0
2018-02-20 00:00:00+00:00,1891.1804341520617,1903.938591849729,1879.969372557066,1891.3661353012462,8140.0
2018-02-21 00:00:00+00:00,1890.9870883231083,1903.2345852405379,1874.887129438399,1890.8300201979441,50060.0
2018-02-22 00:00:00+00:00,1890.4693773903882,1917.66823028087,1873.0737730174724,1897.2552697082542,8670.0
2018-02-23 00:00:00+00:00,1896.1407148550356,1920.0294702508752,1866.9362710278838,1907.9635368476834,30501.0
2018-02-24 00:00:00+00:00,1907.5065098272485,1925.8826541462013,1888.458354647375,1918.7945050517685,59362.0
2018-02-25 00:00:00+00:00,1918.6881752652655,1930.3467906695469,1898.7302161444916,1907.0810647813723,40599.0
2018-02-26 00:00:00+00:00,1905.1422110878386,1909.2612760737927,1864.935927881155,1880.4898893334673,24676.0
2018-02-27 00:00:00+00:00,1880.9084267481169,1888.1768059974377,1839.5129723263685,1863.3730544949842,15994.0
2018-02-28 00:00:00+00:00,1863.168676874472,1907.1629849109568,1849.9671963195597,1885.987790771103,30674.0
2018-03-01 00:00:00+00:00,1885.0011259290761,1943.9848403816873,1859.7646794599752,1913.3842108221652,21503.0
2018-03-02 00:00:00+00:00,1913.1749284101998,1931.7381154135774,1884.7323909468669,1901.3429356455772,45867.0
2018-03-03 00:00:00+00:00,1901.66100930911,1915.3043111373272,1887.7549779507826,1892.9680922627356,52816.0
2018-03-04 00:00:00+00:00,1892.956578550263,1900.2951633722253,1882.8659170473688,1896.339298626156,59061.0
2018-03-05 00:00:00+00:00,1896.362272066756,1927.168932863493,1879.6662754860213,1910.8793734204337,14025.0
2018-03-06 00:00:00+00:00,1910.8797942023646,1931.1440866888886,1871.1204980734265,1895.7861159790898,17779.0
2018-03-07 00:00:00+00:00,1896.254718641145,1928.4137268637244,1878.8899466939579,1904.9301291995173,7192.0
2018-03-08 00:00:00+00:00,1903.9194198229104,1961.6832018381378,1897.551766600747,1941.7078715592916,15683.0
2018-03-09 00:00:00+00:00,1941.256503617533,1953.4988195434742,1863.6723854350655,1879.8664316564887,9207.0
2018-03-10 00:00:00+00:00,1880.1360733379418,1885.8576726205522,1867.7281360540637,1880.2846037094605,36846.0
2018-03-11 00:00:00+00:00,1880.2949384228416,1889.234803403146,1866.5295050035504,1875.9918997909413,37657.0
2018-03-12 00:00:00+00:00,1875.2112353372875,1884.7495816827682,1857.484308671209,1873.9127753142923,46443.0
2018-03-13 00:00:00+00:00,1873.6979276608186,1908.5699360241028,1834.9511454281912,1842.413506643777,30060.0
2018-03-14 00:00:00+00:00,1841.9059113751962,1848.3146492615292,1808.5705682205103,1828.5717413879788,53515.0
2018-03-15 00:00:00+00:00,1828.576317169286,1854.983681155705,1804.919382150897,1822.530191593466,39235.0
2018-03-16 00:00:00+00:00,1821.3506664968186,1833.0799931986346,1808.9810259286405,1815.2333837900192,40509.0
2018-03-17 00:00:00+00:00,1814.0832289566067,1830.6590323521705,1778.8355191548821,1807.1044687315798,24097.0
2018-03-18 00:00:00+00:00,1806.0847438297083,1832.348097721724,1792.3339930540037,1813.2630030086375,13660.0
2018-03-19 00:00:00+00:00,1813.1573522047495,1847.089266441781,1803.8194653753994,1842.4206391936987,11047.0
2018-03-20 00:00:00+00:00,1844.170577188976,1861.0120023631596,1775.5028654214964,1785.5037379040893,51820.0
2018-03-21 00:00:00+00:00,1786.1704252292484,1803.8096701547636,1753.0189887861525,1762.2512329477129,15401.0
2018-03-22 00:00:00+00:00,1763.0737525310171,1783.2754139225644,1703.2592475177225,1736.9258500671544,39086.0
2018-03-23 00:00:00+00:00,1736.921129777189,1752.7529512292224,1714.7110138589085,1720.8872187985673,58423.0
2018-03-24 00:00:00+00:00,1721.9354791126138,1731.232906747222,1706.5022634406484,1714.5053255327168,9130.0
2018-03-25 00:00:00+00:00,1714.729415513578,1760.2763883120494,1703.9166280780519,1748.2609493098817,47406.0
2018-03-26 00:00:00+00:00,1748.2942155083447,1754.9196938365399,1723.3263636548231,1742.1614097261559,31981.0
2018-03-27 00:00:00+00:00,1742.8806694509049,1753.1751208012076,1732.514236288332,1748.2131245734588,41594.0
2018-03-28 00:00:00+00:00,1747.3786799448592,1753.288475715748,1733.309381217008,1743.6054610600604,56270.0
2018-03-29 00:00:00+00:00,1742.1149310725914,1771.9609381759165,1731.8533420716133,1758.9205076827204,59795.0
2018-03-30 00:00:00+00:00,1758.096845546013,1792.4546831543623,1753.2499515063846,1785.60684813195,12160.0
2018-03-31 00:00:00+00:00,1786.5656002310272,1798.5198026742964,1771.8973390921449,1781.127987031964,42819.0
2018-04-01 00:00:00+00:00,1781.733680344855,1853.9653923027117,1773.6731269516933,1842.7270278528365,9426.0
2018-04-02 00:00:00+00:00,1842.8471725004083,1863.4056585006606,1839.7365231592303,1854.69249133501,10265.0
2018-04-03 00:00:00+00:00,1854.5078230666975,1883.792868887645,1817.93375081448,1852.4396472329192,11626.0
2018-04-04 00:00:00+00:00,1852.3023048670325,1860.6438859515633,1829.2304841933199,1841.6491959961832,23549.0
2018-04-05 00:00:00+00:00,1841.9120004476094,1918.2292975726443,1824.0757596236385,1884.0411309146268,27597.0
2018-04-06 00:00:00+00:00,1883.3969170985947,1892.6627965019286,1835.3038314267014,1865.616585592059,43910.0
2018-04-07 00:00:00+00:00,1866.1593773501363,1881.3246515498538,1851.0093064747634,1872.3496542793014,55314.0
2018-04-08 00:00:00+00:00,1871.6296320569397,1896.8210955002426,1857.0344900338648,1888.31682787472,50704.0
2018-04-09 00:00:00+00:00,1889.28520524788,1912.7129687076326,1880.700045222571,1898.2954934681902,56004.0
2018-04-10 00:00:00+00:00,1898.0322315188735,1925.3491788689219,1884.8762724562705,1902.8203761856073,44941.0
2018-04-11 00:00:00+00:00,1902.1239451417723,1918.506825869754,1861.4201066866233,1877.502903476388,23972.0
2018-04-12 00:00:00+00:00,1877.2783406915562,1893.24373143442,1834.5128894456054,1842.5649130056966,51901.0
2018-04-13 00:00:00+00:00,1841.887072280129,1870.0266196298594,1818.6687908064107,1832.2698069091537,36596.0
2018-04-14 00:00:00+00:00,1832.1591939255648,1843.769067171896,1770.1462007691762,1780.6268822269756,32471.0
2018-04-15 00:00:00+00:00,1779.365436026491,1807.3448686065242,1749.7839425972438,1788.978184530734,53912.0
2018-04-16 00:00:00+00:00,1788.6210878942597,1827.7522874147883,1774.0909754176769,1816.2780811381203,14845.0
2018-04-17 00:00:00+00:00,1816.3149324827218,1849.0403089548831,1807.7570780418962,1830.4310006054911,45260.0
2018-04-18 00:00:00+00:00,1830.6872429676125,1858.7563346058491,1799.0588044775245,1816.2663811652099,35577.0
2018-04-19 00:00:00+00:00,1815.9755936310235,1826.5990203122078,1778.2422637946127,1785.342864258725,28658.0
2018-04-20 00:00:00+00:00,1786.1646962749949,1814.4124687716262,1759.781373395547,1781.7031205610488,44723.0
2018-04-21 00:00:00+00:00,1780.5176526650437,1786.6157879005193,1755.0107967377207,1764.7654833998001,52814.0
2018-04-22 00:00:00+00:00,1764.5992833977402,1773.4337061544559,1721.8721658567451,1728.1788602443567,48419.0
2018-04-23 00:00:00+00:00,1727.836893433868,1740.318956774794,1705.2018830379345,1719.0826895757973,23051.0
2018-04-24 00:00:00+00:00,1719.060594398354,1742.677163140213,1705.800886306681,1722.5752036942463,9784.0
2018-04-25 00:00:00+00:00,1722.3826334410392,1731.0844345290764,1707.3587750715321,1716.1512110346268,37185.0
2018-04-26 00:00:00+00:00,1717.0554604805777,1724.7179308760176,1693.291383909217,1703.9968359611591,15325.0
2018-04-27 00:00:00+00:00,1703.9773913612396,1729.1820896226327,1668.2941587851656,1693.2752360460747,48066.0
2018-04-28 00:00:00+00:00,1692.6490365829507,1718.7764717860152,1662.218728880302,1690.2542809606832,56033.0
2018-04-29 00:00:00+00:00,1691.8714515350748,1699.3877137934053,1671.987104313179,1687.796519524762,53125.0
2018-04-30 00:00:00+00:00,1687.805001816206,1700.9438810964273,1664.9236056458392,1680.3744435161873,46791.0
2018-05-01 00:00:00+00:00,1680.2523937245078,1722.7685774583178,1663.5924920267382,1712.3770096159403,10481.0
2018-05-02 00:00:00+00:00,1712.9485022515971,1762.6683542168123,1705.8528009049846,1738.948782375288,22032.0
2018-05-03 00:00:00+00:00,1738.5279742158036,1755.801188780627,1725.1528026190288,1741.0817749447879,49477.0
2018-05-04 00:00:00+00:00,1740.911410358224,1757.6789324948475,1724.9800520061804,1745.1585396138391,9282.0
2018-05-05 00:00:00+00:00,1745.7257130362557,1777.0917460943133,1737.4976506700034,1772.6548504291538,46240.0
2018-05-06 00:00:00+00:00,1771.8205512228265,1778.6499136921645,1741.1891335865341,1743.834193378352,38806.0
2018-05-07 00:00:00+00:00,1743.5089592239397,1751.2753938237631,1713.2463245138572,1731.5985971978837,11022.0
2018-05-08 00:00:00+00:00,1732.213867009067,1740.4860438583676,1727.2862949931362,1735.4025139091304,41960.0
2018-05-09 00:00:00+00:00,1736.5969636916386,1754.52422734158,1731.1310343633054,1751.2503928266358,16970.0
2018-05-10 00:00:00+00:00,1751.1775834512343,1754.22810973897,1722.9020941460274,1725.1855565873527,9666.0
2018-05-11 00:00:00+00:00,1725.0969858491906,1736.7382579822302,1691.0347748706233,1702.28028616711,32726.0
2018-05-12 00:00:00+00:00,1702.982821197022,1709.5341951748962,1689.124875112925,1701.4812589074422,58970.0
2018-05-13 00:00:00+00:00,1700.4864286139234,1712.384253522078,1682.494183949287,1695.8671936721776,38007.0
2018-05-14 00:00:00+00:00,1695.3910535055545,1710.8746445247734,1656.3576765293885,1661.191864340806,18772.0
2018-05-15 00:00:00+00:00,1660.6614083311415,1673.1151601575243,1647.1487424369961,1662.4765025569818,39344.0
2018-05-16 00:00:00+00:00,1661.1292546309924,1670.651526404362,1652.8416942694882,1665.9327389229095,40827.0
2018-05-17 00:00:00+00:00,1664.0358630218718,1672.7803295784583,1655.1632411581422,1665.1405020342224,49026.0
2018-05-18 00:00:00+00:00,1664.8589921155217,1687.0892908526532,1628.5587859371622,1649.1346134565504,24514.0
2018-05-19 00:00:00+00:00,1649.7002212263312,1669.598788554362,1640.5189478905315,1648.819346606331,50744.0
2018-05-20 00:00:00+00:00,1649.2291286350212,1717.2906576765938,1629.1037524889578,1701.2536863429789,8606.0
2018-05-21 00:00:00+00:00,1702.072702312856,1706.4989070139766,1649.2085112717841,1661.019056627591,20880.0
2018-05-22 00:00:00+00:00,1659.2357339480754,1667.2580654869828,1657.167189161393,1663.511693493094,15229.0
2018-05-23 00:00:00+00:00,1663.3988142261264,1672.6865749990259,1656.028152852991,1665.4034862788328,50715.0
2018-05-24 00:00:00+00:00,1666.2504521140231,1671.0551235462085,1641.769352827684,1648.456333851502,37332.0
2018-05-25 00:00:00+00:00,1647.8814086326067,1650.067228116841,1628.092827332154,1634.26927545249,40431.0
2018-05-26 00:00:00+00:00,1633.423108067534,1651.2105187906052,1616.6418789714005,1629.4995271509504,51208.0
2018-05-27 00:00:00+00:00,1629.7027047844667,1649.5049855258558,1612.0295344031829,1630.9106934576569,35860.0
2018-05-28 00:00:00+00:00,1630.9016055260581,1645.6352596712156,1624.778751225661,1640.4196192272775,55226.0
2018-05-29 00:00:00+00:00,1640.8094489458492,1647.1347668813726,1565.9654204134038,1581.7795744364505,10244.0
2018-05-30 00:00:00+00:00,1581.759343266524,1585.911564189555,1572.4274558584073,1573.9634052038818,31973.0
2018-05-31 00:00:00+00:00,1574.7087679563956,1579.168690121933,1549.4216419595066,1558.0683172049366,59450.0
2018-06-01 00:00:00+00:00,1558.4734552488287,1568.242494946808,1549.2167942645408,1552.485381960839,24057.0
2018-06-02 00:00:00+00:00,1552.6247438609505,1613.837194498259,1541.442420588009,1600.378024874104,6176.0
2018-06-03 00:00:00+00:00,1600.1272282017164,1602.806736340927,1584.509718189947,1588.4673364311109,17691.0
2018-06-04 00:00:00+00:00,1588.8888642599557,1599.247230628035,1583.2840494787738,1589.1544052084053,7150.0
2018-06-05 00:00:00+00:00,1588.727950694985,1605.4327664888337,1558.329263133142,1571.1844284349334,5812.0
2018-06-06 00:00:00+00:00,1571.7562887613199,1579.0579983464133,1550.2597728440783,1554.7134423625082,33506.0
2018-06-07 00:00:00+00:00,1555.3957829274755,1561.0347194715687,1546.370695365561,1558.7116263048347,52157.0
2018-06-08 00:00:00+00:00,1559.2718129424547,1572.5481303950098,1550.4030947550086,1564.730913329298,53838.0
2018-06-09 00:00:00+00:00,1563.9375907466087,1596.3045166366298,1555.3979498184428,1592.0293968769513,12225.0
2018-06-10 00:00:00+00:00,1592.288750825398,1606.721009755584,1583.3397520649091,1587.9827593552097,48787.0
2018-06-11 00:00:00+00:00,1588.1981687068153,1616.763841952023,1569.7486572765833,1602.1252951508457,25689.0
2018-06-12 00:00:00+00:00,1602.6562836750354,1658.3578249858385,1593.215314440898,1639.0564374285393,20385.0
2018-06-13 00:00:00+00:00,1638.0471950970623,1642.2979946836508,1626.2348887139174,1635.3679121541306,38966.0
2018-06-14 00:00:00+00:00,1634.9710494561798,1648.2282970829142,1621.9492477886604,1644.5056396214336,47286.0
2018-06-15 00:00:00+00:00,1644.4420445477056,1695.4260886809504,1637.8335021355572,1672.1558887052254,43867.0
2018-06-16 00:00:00+00:00,1673.0517418925829,1697.3592441389721,1631.8987704974347,1642.0805556604475,12939.0
2018-06-17 00:00:00+00:00,1641.6844437342245,1653.1491076658428,1637.7689661364982,1644.129259799774,57551.0
2018-06-18 00:00:00+00:00,1644.689479103274,1647.813295715201,1631.8109042164363,1641.1778751443464,6049.0
2018-06-19 00:00:00+00:00,1641.2590228712445,1687.4544645069147,1620.154864071445,1680.2131274463998,21622.0
2018-06-20 00:00:00+00:00,1681.4674917634752,1690.3602019922264,1640.493691714725,1643.1379745744189,47175.0
2018-06-21 00:00:00+00:00,1643.3342064432616,1650.6557806999654,1635.2592058825023,1643.2106292947435,22475.0
2018-06-22 00:00:00+00:00,1642.1641010960311,1663.4565604436402,1629.5310089582101,1655.9341185695139,12265.0
2018-06-23 00:00:00+00:00,1655.7418084495534,1661.1302146855867,1647.7625972589647,1649.5324337702086,28709.0
2018-06-24 00:00:00+00:00,1649.684976642974,1657.5738829702022,1642.679131786972,1653.0130780397858,43450.0
2018-06-25 00:00:00+00:00,1653.8198982222648,1669.5924783899814,1645.7783574902955,1661.6074302279997,49582.0
2018-06-26 00:00:00+00:00,1662.02559441992,1674.2870566759,1654.924847646997,1658.8415548065768,48846.0
2018-06-27 00:00:00+00:00,1658.6468744764443,1706.0926965049437,1653.2874364010843,1695.5141906084336,48360.0
2018-06-28 00:00:00+00:00,1694.6635768479966,1718.4911330367622,1688.7935765652735,1713.8573722542226,5722.0
2018-06-29 00:00:00+00:00,1713.8673019981566,1726.625263804778,1686.991227721182,1691.0293479977768,56566.0
2018-06-30 00:00:00+00:00,1690.9372204529868,1700.4466761784986,1684.2505722483288,1695.495988387636,8796.0
2018-07-01 00:00:00+00:00,1696.366444430397,1704.2057182926326,1692.0311770402789,1702.3691536127742,16999.0
2018-07-02 00:00:00+00:00,1702.9754711179967,1710.2544143096804,1692.1013091874897,1695.1785838305157,6453.0
2018-07-03 00:00:00+00:00,1694.2377930742737,1712.4640713571036,1687.7999432251022,1705.8203799560083,40195.0
2018-07-04 00:00:00+00:00,1704.2616997036253,1709.2012451342666,1698.9371129017316,1706.8547173786924,36178.0
2018-07-05 00:00:00+00:00,1706.5673095495208,1723.621373018603,1693.2662714401397,1714.6793784135596,36269.0
2018-07-06 00:00:00+00:00,1714.8494520104628,1724.8210659881145,1700.5052509830016,1718.5302107033708,29954.0
2018-07-07 00:00:00+00:00,1717.866342291052,1740.1255959894409,1711.4134409601627,1732.642812457784,6724.0
2018-07-08 00:00:00+00:00,1732.2807588114224,1745.7897721245197,1728.5908895471646,1734.1805665516877,43346.0
2018-07-09 00:00:00+00:00,1734.9755420085946,1737.3828912686818,1730.6771911558374,1733.801498608766,15343.0
2018-07-10 00:00:00+00:00,1734.290460805413,1739.3804912155342,1728.3836391153925,1733.6816305244515,34658.0
2018-07-11 00:00:00+00:00,1732.4999704973307,1766.271569925506,1718.9450605239576,1747.8122165835396,37920.0
2018-07-12 00:00:00+00:00,1748.0389790467054,1781.792835341819,1727.4439503496994,1764.9989190438384,27919.0
2018-07-13 00:00:00+00:00,1765.0980308500966,1774.557995749538,1752.3778607550569,1765.4620925058866,9016.0
2018-07-14 00:00:00+00:00,1765.3114475427672,1780.3388972147377,1751.6276355377433,1772.4366178397324,15478.0
2018-07-15 00:00:00+00:00,1772.8179169577843,1780.8489506504357,1761.765015105701,1774.3866069262513,43879.0
2018-07-16 00:00:00+00:00,1774.7829248085968,1781.206907854086,1755.9804135678069,1768.5672579973439,48991.0
2018-07-17 00:00:00+00:00,1770.2790490979166,1797.0080166934194,1754.3017366148206,1792.7913377469856,22794.0
2018-07-18 00:00:00+00:00,1792.9425227651752,1888.1637105627515,1779.3292493927888,1870.7823384959308,53691.0
2018-07-19 00:00:00+00:00,1870.2365116791664,1886.6234023156594,1857.6601521799685,1881.2562964963906,5838.0
2018-07-20 00:00:00+00:00,1880.8782187159513,1893.4039050488293,1863.0909419147483,1889.0938897351646,41965.0
2018-07-21 00:00:00+00:00,1889.61526830562,1897.1502983214286,1861.4109847044094,1877.3745958638717,57367.0
2018-07-22 00:00:00+00:00,1878.7860480333547,1884.025338726317,1863.38599244003,1879.176791019662,24307.0
2018-07-23 00:00:00+00:00,1879.614170437987,1905.6685186688962,1876.5473574462442,1899.3018691125847,58031.0
2018-07-24 00:00:00+00:00,1899.6921170825528,1928.6587076336243,1893.4842828401488,1916.3984790012717,58948.0
2018-07-25 00:00:00+00:00,1916.590115849395,1928.7048419884204,1897.4560108700568,1917.1393196255106,25434.0
2018-07-26 00:00:00+00:00,1916.7954964942107,1948.3644798275864,1910.7819081364262,1940.690991852736,5351.0
2018-07-27 00:00:00+00:00,1940.7390922435297,1949.040274031849,1863.175010711744,1872.6950254938877,31344.0
2018-07-28 00:00:00+00:00,1871.797409234664,1885.7810445005287,1858.1517427929607,1871.770214318143,27385.0
2018-07-29 00:00:00+00:00,1872.3093999080475,1878.5032724076698,1866.037910404827,1872.334208406253,38668.0
2018-07-30 00:00:00+00:00,1872.673796871097,1883.7765962614442,1866.3817721314779,1876.840259615518,42906.0
2018-07-31 00:00:00+00:00,1876.9668437511252,1879.8224996200088,1866.9251905370445,1870.5132504355233,51300.0
2018-08-01 00:00:00+00:00,1869.8764010588543,1877.8783844065179,1844.5704975432022,1862.980077695521,5870.0
2018-08-02 00:00:00+00:00,1862.7812147592426,1881.52508494355,1857.472466460284,1877.130500684001,18236.0
2018-08-03 00:00:00+00:00,1876.701716144486,1885.4987331734126,1862.1271239137807,1871.5233396609337,22753.0
2018-08-04 00:00:00+00:00,1871.739503554871,1873.8697303713259,1857.829063945358,1862.7563868247564,42621.0
2018-08-05 00:00:00+00:00,1862.5401803817208,1916.850480241394,1853.1083818974346,1906.4087037930472,37210.0
2018-08-06 00:00:00+00:00,1906.6722357046963,1925.4425555664923,1893.0972402751424,1919.759235608603,36543.0
2018-08-07 00:00:00+00:00,1920.453101216483,1928.830866843937,1883.0499254161796,1900.195816634282,5715.0
2018-08-08 00:00:00+00:00,1901.1339187620176,1920.3919596697726,1889.2690571418627,1904.4633706583306,33284.0
2018-08-09 00:00:00+00:00,1903.693031294521,1926.8091656344739,1885.3743935975815,1916.3616044620765,8573.0
2018-08-10 00:00:00+00:00,1916.1043083993236,1925.4446696777952,1874.3897022622891,1890.8723756818843,23860.0
2018-08-11 00:00:00+00:00,1890.055651399651,1896.5214273213562,1887.961309344204,1893.5095916861512,41984.0
2018-08-12 00:00:00+00:00,1894.4303138252574,1900.9026682680344,1891.7341066080844,1894.7007568730883,31373.0
2018-08-13 00:00:00+00:00,1894.0644662501795,1915.803318891286,1879.3926500161922,1898.6068051221362,26189.0
2018-08-14 00:00:00+00:00,1899.6050978803485,1908.3753305289938,1892.0321612973426,1905.4930947106584,14023.0
2018-08-15 00:00:00+00:00,1905.1131281764572,1913.4843979580346,1898.5267956352445,1903.9859855576901,17300.0
2018-08-16 00:00:00+00:00,1904.7474594847893,1913.243211222224,1895.815373804005,1903.5763355089803,48439.0
2018-08-17 00:00:00+00:00,1903.1672316798852,1944.9551502998142,1891.0552277069742,1924.61567316388,55035.0
2018-08-18 00:00:00+00:00,1924.4421583020458,1931.4156377406757,1883.3416887141152,1898.1949118609984,32903.0
2018-08-19 00:00:00+00:00,1898.2828195537604,1921.5357420868186,1895.4118823570489,1918.1608023927736,41228.0
2018-08-20 00:00:00+00:00,1918.2239401702323,1927.6210013554173,1887.9605655506307,1915.2667659763576,38055.0
2018-08-21 00:00:00+00:00,1915.1525664809974,1928.2481793976772,1854.5255166031004,1868.7417459600435,20940.0
2018-08-22 00:00:00+00:00,1869.226670410557,1877.8430993822608,1843.3338823866104,1851.2213331928626,43284.0
2018-08-23 00:00:00+00:00,1852.0858961620422,1862.9248179054491,1829.739714678396,1844.6017576626937,56550.0
2018-08-24 00:00:00+00:00,1845.220875678827,1854.7192292411596,1837.2692025332303,1848.1501488848048,35571.0
2018-08-25 00:00:00+00:00,1847.7980294632332,1888.3259330406552,1821.830499101552,1861.3559474878805,9755.0
2018-08-26 00:00:00+00:00,1860.001820322576,1866.3750921636888,1844.359187084687,1847.8196148084712,28415.0
2018-08-27 00:00:00+00:00,1847.8979645027784,1857.3951562447307,1832.6715032955872,1848.0132020641686,5614.0
2018-08-28 00:00:00+00:00,1845.9556719106963,1876.8666392070822,1831.0344592859349,1867.4527709009171,24538.0
2018-08-29 00:00:00+00:00,1867.942463442025,1885.3816775379228,1848.5656507927752,1879.2052380590596,57471.0
2018-08-30 00:00:00+00:00,1879.6597404888128,1889.805046238526,1845.0498557922338,1855.6366209590408,23267.0
2018-08-31 00:00:00+00:00,1854.7500568377395,1859.4968287591698,1850.1291881183554,1853.0667884186225,47200.0
2018-09-01 00:00:00+00:00,1853.4869259289428,1869.6514900134862,1829.6315424868956,1844.2242067033042,27588.0
2018-09-02 00:00:00+00:00,1843.743650215898,1885.405989271447,1831.5199118937364,1868.5062401900823,9100.0
2018-09-03 00:00:00+00:00,1869.4304643629196,1876.4542135313577,1863.2457975965133,1871.4669010859197,32653.0
2018-09-04 00:00:00+00:00,1870.9031690849104,1894.10414512841,1857.0305366197558,1885.3929900375933,34591.0
2018-09-05 00:00:00+00:00,1884.7749712189102,1906.272865835129,1879.4467809565722,1897.6160100120376,48481.0
2018-09-06 00:00:00+00:00,1897.126965756413,1914.173420039839,1884.8875823446908,1893.556318843279,57721.0
2018-09-07 00:00:00+00:00,1893.7312168645117,1914.1121118976976,1882.5714521015527,1903.0529488979414,55728.0
2018-09-08 00:00:00+00:00,1902.2768560552254,1914.130662488038,1897.8580392591664,1907.1220534580423,50709.0
2018-09-09 00:00:00+00:00,1908.8045269785339,1914.4011377516767,1901.4297665933386,1909.8732723242383,46066.0
2018-09-10 00:00:00+00:00,1909.5929230254303,1920.440444987346,1905.3781939639307,1915.7654286237212,50214.0
2018-09-11 00:00:00+00:00,1917.0779700937621,1946.4619463334589,1911.5575958176873,1937.7981750222361,57039.0
2018-09-12 00:00:00+00:00,1937.5796140215207,1958.57877031901,1923.6463088853197,1943.9569400329895,29939.0
2018-09-13 00:00:00+00:00,1943.7136621212117,1961.0432535720515,1929.9224628293325,1948.278531149282,56727.0
2018-09-14 00:00:00+00:00,1947.7352077831101,1957.0998639567188,1862.90609236339,1876.1420027014674,39147.0
2018-09-15 00:00:00+00:00,1875.5815539309406,1885.9549875751395,1856.6815386889998,1879.738146183879,52050.0
2018-09-16 00:00:00+00:00,1880.0589764595745,1885.7186930393402,1871.3246699498482,1875.1578326480428,40046.0
2018-09-17 00:00:00+00:00,1876.0361542272994,1933.5567670958987,1864.128660944232,1913.9066726941921,55468.0
2018-09-18 00:00:00+00:00,1913.9854192175503,1930.1342532994179,1896.4649560234827,1901.8740002002323,33676.0
2018-09-19 00:00:00+00:00,1901.2075176006488,1909.8073850773683,1893.4310828662258,1899.0935334514459,26438.0
2018-09-20 00:00:00+00:00,1899.25008054601,1913.90207290056,1894.6783423002291,1904.9027245698746,37852.0
2018-09-21 00:00:00+00:00,1904.3112857492927,1913.7409977450684,1869.10714389605,1891.3188084090616,32963.0
2018-09-22 00:00:00+00:00,1889.3319034125761,1894.00962189717,1872.2534686236734,1885.6922381960426,9270.0
2018-09-23 00:00:00+00:00,1885.783061855412,1912.0973984137229,1878.0205772591737,1899.3656916357088,43474.0
2018-09-24 00:00:00+00:00,1898.064938590575,1930.4950617131599,1890.0678784144068,1902.2509397449533,39038.0
2018-09-25 00:00:00+00:00,1901.7777945260652,1916.7547478165295,1891.2073588491028,1895.8999498093422,56874.0
2018-09-26 00:00:00+00:00,1895.9377218015861,1919.8760885614704,1883.7686790046325,1908.4772904660026,27356.0
2018-09-27 00:00:00+00:00,1908.1756050760753,1912.9926048621815,1889.1843125030157,1893.390792255255,8544.0
2018-09-28 00:00:00+00:00,1893.1944004276754,1900.1428214662376,1886.8924136871426,1892.43036916402,35525.0
2018-09-29 00:00:00+00:00,1893.5757409201676,1902.541089484119,1865.5014575839405,1888.9612775118176,36879.0
2018-09-30 00:00:00+00:00,1889.666989541662,1895.3240975051235,1886.9800495472998,1890.105184445034,6310.0
2018-10-01 00:00:00+00:00,1891.2258607541926,1909.496417884462,1882.5721607837968,1905.0999061690738,29595.0
2018-10-02 00:00:00+00:00,1905.257231822649,1916.0549148472942,1878.6389541906112,1891.9499970045206,5686.0
2018-10-03 00:00:00+00:00,1892.1163298426145,1905.4469213049779,1887.086630394874,1901.7994081130842,6779.0
2018-10-04 00:00:00+00:00,1903.113600215109,1916.230359184171,1883.2541550052454,1893.544353443006,43123.0
2018-10-05 00:00:00+00:00,1893.0790676231732,1937.894260569898,1864.3004807226466,1907.3133420536967,41625.0
2018-10-06 00:00:00+00:00,1907.5601370583097,1920.088353557615,1895.7858856119376,1906.974684098518,32106.0
2018-10-07 00:00:00+00:00,1907.0727352186595,1921.1374905426253,1897.9625989259816,1907.9897335126393,11335.0
2018-10-08 00:00:00+00:00,1908.2070976198688,1918.9572562075102,1865.6272592226462,1884.4334842062008,13849.0
2018-10-09 00:00:00+00:00,1884.8723767581066,1898.228462425967,1836.6828733214797,1850.5318794500727,40079.0
2018-10-10 00:00:00+00:00,1850.61712034211,1879.5035368870142,1836.8428419102202,1863.4189388492155,54673.0
2018-10-11 00:00:00+00:00,1864.0081107182355,1904.1810447978576,1835.1080862419096,1876.2360505306995,9382.0
2018-10-12 00:00:00+00:00,1875.6135236773473,1880.3949403064446,1841.590505859328,1859.3024025133875,33227.0
2018-10-13 00:00:00+00:00,1859.6615324614304,1885.437187324678,1851.3037888281508,1872.5200045958607,19699.0
2018-10-14 00:00:00+00:00,1871.7544555703441,1912.5612861918667,1861.1106643507146,1902.4200207332397,11298.0
2018-10-15 00:00:00+00:00,1903.2189060331834,1912.1937519037176,1844.709235527153,1862.5822858692932,54138.0
2018-10-16 00:00:00+00:00,1863.2933640029603,1871.276899161018,1853.7761358557473,1863.0972759154504,46480.0
2018-10-17 00:00:00+00:00,1862.9422746067048,1909.6222625616965,1838.7114670317217,1892.1117761259352,37136.0
2018-10-18 00:00:00+00:00,1891.7312830228602,1910.3546755051932,1887.4458730051026,1903.222698447967,23183.0
2018-10-19 00:00:00+00:00,1903.1975222787646,1909.2269745096514,1873.7344227837634,1880.8012733934818,21155.0
2018-10-20 00:00:00+00:00,1881.2019881000751,1884.563899939553,1839.0088635093903,1842.8817268136254,55696.0
2018-10-21 00:00:00+00:00,1841.7879370656551,1850.207265224123,1822.6782529398347,1827.7500372669692,15689.0
2018-10-22 00:00:00+00:00,1827.0272320865463,1849.8607054641366,1818.7699539743658,1843.2876845002618,48980.0
2018-10-23 00:00:00+00:00,1843.9565572952872,1888.9903516502213,1810.5767441878377,1857.6828961298197,13879.0
2018-10-24 00:00:00+00:00,1857.5197793710984,1874.0456760768777,1825.152259658458,1848.424657838202,6831.0
2018-10-25 00:00:00+00:00,1847.4900175335729,1869.909210191879,1830.5818166865388,1865.071461632491,53900.0
2018-10-26 00:00:00+00:00,1863.4452136317584,1875.4692838243363,1835.5433520352176,1843.2833658126376,17674.0
2018-10-27 00:00:00+00:00,1842.9555117251657,1853.4548268411413,1820.5286707242983,1841.5877990033578,40176.0
2018-10-28 00:00:00+00:00,1840.3177023541682,1913.011474553957,1831.4519548199787,1895.6202813900986,36454.0
2018-10-29 00:00:00+00:00,1895.702671978435,1904.2399271794422,1851.5589453285888,1863.3108716639479,13640.0
2018-10-30 00:00:00+00:00,1863.2395987698155,1877.4474769607057,1846.0059545544252,1864.8608084684208,32504.0
2018-10-31 00:00:00+00:00,1866.1845282043666,1874.8164316202692,1845.6577141477114,1865.1733450655402,37707.0
2018-11-01 00:00:00+00:00,1864.2498534485658,1875.5019566398619,1843.8692138027438,1860.332886102542,25288.0
2018-11-02 00:00:00+00:00,1860.7796920746216,1902.8380511653365,1846.3536896130609,1891.3794323712157,12217.0
2018-11-03 00:00:00+00:00,1890.4811750641638,1903.6021815433544,1866.4929267405143,1879.8970571311088,18791.0
2018-11-04 00:00:00+00:00,1879.1246527069036,1890.1594303241982,1866.8756142522248,1878.4301691301846,20358.0
2018-11-05 00:00:00+00:00,1878.2613463933453,1888.2322380318255,1851.4414201079755,1864.0563790068359,33869.0
2018-11-06 00:00:00+00:00,1863.4245170119125,1886.1672454349552,1855.2064801074496,1881.7037912630817,41006.0
2018-11-07 00:00:00+00:00,1883.0206256672163,1891.1404016773593,1868.6145286313913,1876.9489107627912,25098.0
2018-11-08 00:00:00+00:00,1876.89060650424,1919.2287603329858,1857.4119111811383,1892.77934449967,51249.0
2018-11-09 00:00:00+00:00,1892.205376829223,1903.545223794588,1855.650608896783,1871.438442813873,17622.0
2018-11-10 00:00:00+00:00,1873.1033687790484,1891.2042625145693,1848.1379454249955,1857.7999181553596,57044.0
2018-11-11 00:00:00+00:00,1857.2038993798444,1912.494729540519,1830.46091700579,1887.0835979576038,7405.0
2018-11-12 00:00:00+00:00,1886.7870429831862,1906.541349475188,1829.7840314199998,1849.5430281291751,55619.0
2018-11-13 00:00:00+00:00,1849.3695160116677,1897.110902695099,1834.1629132652802,1880.4753114904433,8363.0
2018-11-14 00:00:00+00:00,1879.882895697944,1896.234218332004,1864.0526021901533,1877.1865006155542,30212.0
2018-11-15 00:00:00+00:00,1877.6033717981493,1891.3674075331567,1869.015306769616,1882.4466310551134,33937.0
2018-11-16 00:00:00+00:00,1883.2953097835732,1891.5781986231784,1863.6722286960155,1870.4926723642634,25173.0
2018-11-17 00:00:00+00:00,1869.5287672044221,1898.2603415819924,1863.0978694089576,1869.3626109091724,12041.0
2018-11-18 00:00:00+00:00,1868.9824048304688,1878.48157217591,1844.641564207365,1864.4921502721936,45103.0
2018-11-19 00:00:00+00:00,1864.1908326919167,1901.340585618306,1846.4834715443928,1886.801208195938,21321.0
2018-11-20 00:00:00+00:00,1885.7457365936036,1894.6944426951552,1833.600265534824,1845.8908598388302,36994.0
2018-11-21 00:00:00+00:00,1844.9158117075979,1887.0782076366045,1815.3245809012446,1863.7172230060705,21325.0
2018-11-22 00:00:00+00:00,1863.417508257342,1899.7289454183124,1836.2009539529934,1875.3574490806418,7684.0
2018-11-23 00:00:00+00:00,1874.668681082464,1889.501577772165,1863.9948313570046,1873.5443487660605,10897.0
2018-11-24 00:00:00+00:00,1873.73914822947,1882.7161323918936,1861.2186550446238,1877.1785004466876,27679.0
2018-11-25 00:00:00+00:00,1877.7424867986717,1892.8931834335515,1839.0763834274935,1852.20250114753,55443.0
2018-11-26 00:00:00+00:00,1852.302642119846,1861.1024135697537,1758.2316805103324,1768.9404861432415,29154.0
2018-11-27 00:00:00+00:00,1769.1043513595755,1799.1542531686853,1765.1364373640092,1794.434345990557,20370.0
2018-11-28 00:00:00+00:00,1793.7598659636442,1822.593198331738,1787.9176666427477,1809.5521917339734,26394.0
2018-11-29 00:00:00+00:00,1809.0952778307844,1812.7265763941182,1784.9749744644282,1796.9737497706224,58874.0
2018-11-30 00:00:00+00:00,1797.210503592675,1831.4293068326858,1786.501244104504,1814.2462915044243,20993.0
2018-12-01 00:00:00+00:00,1814.6136321840618,1860.9341019555359,1802.8249102066338,1853.2404304494535,10964.0
2018-12-02 00:00:00+00:00,1853.1403955425228,1858.030440257968,1832.6944912189035,1837.3282017331312,11016.0
2018-12-03 00:00:00+00:00,1837.6792490172124,1847.9448307531623,1811.5659263101327,1823.9817067410077,49123.0
2018-12-04 00:00:00+00:00,1823.7680183254647,1881.0558908196845,1797.5437547978618,1849.9384455096535,52857.0
2018-12-05 00:00:00+00:00,1849.0652052515973,1886.2235832449792,1846.0616310647347,1876.5598825032457,42252.0
2018-12-06 00:00:00+00:00,1876.7468391386362,1903.513876610818,1846.0594475148737,1862.4647993605768,45711.0
2018-12-07 00:00:00+00:00,1862.1206030306205,1915.9207632956218,1840.9593230701062,1888.5123204371944,23908.0
2018-12-08 00:00:00+00:00,1887.2280091381353,1901.7398816374466,1857.8987235570482,1875.3677962239672,13425.0
2018-12-09 00:00:00+00:00,1875.9388188313944,1908.4782197860181,1857.0980862773044,1871.4685704624828,32356.0
2018-12-10 00:00:00+00:00,1871.7069355444826,1877.6541793309977,1838.5829777396675,1845.2725221230312,56770.0
2018-12-11 00:00:00+00:00,1845.7535096246907,1869.5261636552643,1824.377257609198,1851.1566489639447,23868.0
2018-12-12 00:00:00+00:00,1850.779613277161,1876.7349217583483,1829.4651945676853,1857.6531688246594,24156.0
2018-12-13 00:00:00+00:00,1858.679984969053,1868.7975393059914,1837.7841882511013,1850.7826907956862,58948.0
2018-12-14 00:00:00+00:00,1851.0866594065947,1888.1924427252477,1840.9793731183177,1855.431528700431,45564.0
2018-12-15 00:00:00+00:00,1856.0933800554335,1864.2746051043573,1835.9464734205137,1840.4221501038937,13830.0
2018-12-16 00:00:00+00:00,1839.918796403428,1846.772215205535,1826.6506620541868,1838.9163196010102,16230.0
2018-12-17 00:00:00+00:00,1838.6560044230332,1848.9616183383343,1825.5994473014257,1839.6584663041249,32423.0
2018-12-18 00:00:00+00:00,1840.5316249112047,1858.8488061660757,1833.2114542930633,1853.5025093626543,56540.0
2018-12-19 00:00:00+00:00,1853.444763529221,1883.0877137876496,1841.0958727108587,1856.2712800773475,54784.0
2018-12-20 00:00:00+00:00,1856.2496441556566,1860.7561940456724,1828.8629892570434,1837.2261426897135,45608.0
2018-12-21 00:00:00+00:00,1838.2451034550575,1842.3780672920825,1794.4562091136368,1797.7685935739373,11605.0
2018-12-22 00:00:00+00:00,1798.5339448272684,1815.7789129594023,1770.904371544984,1790.0607054651387,43933.0
2018-12-23 00:00:00+00:00,1790.1825054986434,1804.3737931000853,1772.8304697925648,1797.061762158888,24417.0
2018-12-24 00:00:00+00:00,1798.3479209493928,1809.0671359805633,1784.5749221450365,1793.1486014378465,52854.0
2018-12-25 00:00:00+00:00,1792.0834001479045,1817.8832012218265,1773.693150638437,1806.4972688226471,25938.0
2018-12-26 00:00:00+00:00,1806.4156266758073,1811.4772371132315,1797.8770510234963,1803.8398025382046,43599.0
2018-12-27 00:00:00+00:00,1803.420263779253,1808.0150249159992,1795.3406989085424,1800.9733351577763,7770.0
2018-12-28 00:00:00+00:00,1801.9609267970268,1815.2473639484047,1790.7342839154553,1800.8418587305086,51670.0
2018-12-29 00:00:00+00:00,1801.902041369175,1809.4505984325483,1795.672414875948,1800.7524388910938,35263.0
2018-12-30 00:00:00+00:00,1800.3851936392166,1803.364492534447,1788.4877690702178,1800.3999344471117,22351.0
2018-12-31 00:00:00+00:00,1800.4669749191464,1811.8031362026481,1790.3385928730318,1804.6533243793385,37426.0
2019-01-01 00:00:00+00:00,1805.2721087587652,1814.3847169774251,1797.2221922014458,1799.2919009045136,48644.0
2019-01-02 00:00:00+00:00,1799.620510165974,1802.754682106981,1793.2889088989089,1795.7270139850168,42436.0
2019-01-03 00:00:00+00:00,1795.87847019872,1798.4800752793005,1794.5061286619964,1797.0606867583235,38522.0
2019-01-04 00:00:00+00:00,1797.718308539946,1807.9763918585486,1779.424459561592,1788.34101622434,58073.0
2019-01-05 00:00:00+00:00,1789.6482601151113,1822.6543478057274,1779.5807753548424,1811.1800382996933,34328.0
2019-01-06 00:00:00+00:00,1811.23363937091,1815.972090537533,1789.800488972621,1809.9638728635819,37180.0
2019-01-07 00:00:00+00:00,1809.1652807127898,1815.474239831898,1777.083986924497,1782.1202191285884,56158.0
2019-01-08 00:00:00+00:00,1782.0167503035486,1785.0330769071088,1773.595849551538,1777.4825347312772,44471.0
2019-01-09 00:00:00+00:00,1777.4279905677665,1791.5426239881353,1770.297501657546,1785.0580566813758,27776.0
2019-01-10 00:00:00+00:00,1784.7701568948999,1796.494777708501,1780.5604262897543,1792.8096257054651,49485.0
2019-01-11 00:00:00+00:00,1793.2627642562352,1798.8285350890453,1782.7088605718923,1789.106394127723,36004.0
2019-01-12 00:00:00+00:00,1789.5816503645083,1797.341060097703,1779.8740608136093,1785.8923375634456,22151.0
2019-01-13 00:00:00+00:00,1786.485741993808,1802.2077047190226,1778.166787016035,1793.534209084519,12147.0
2019-01-14 00:00:00+00:00,1793.8354581943167,1797.9503362821908,1788.524305556558,1793.6082186266267,42744.0
2019-01-15 00:00:00+00:00,1793.7609855494138,1801.0748599797992,1790.4898821540116,1792.2468180916849,18793.0
2019-01-16 00:00:00+00:00,1791.516565813002,1804.8917080909653,1787.1028506486405,1798.924221246444,25708.0
2019-01-17 00:00:00+00:00,1798.66129744552,1822.7078639479937,1788.321613426071,1810.8936321610852,41556.0
2019-01-18 00:00:00+00:00,1810.269331418845,1813.000570412009,1796.2584795141997,1805.4791974540706,56742.0
2019-01-19 00:00:00+00:00,1805.6746688879193,1813.037743495049,1796.6225264012526,1804.4353514706786,14435.0
2019-01-20 00:00:00+00:00,1804.3269804843244,1825.2734940389034,1799.5934211477106,1823.048998184503,15389.0
2019-01-21 00:00:00+00:00,1822.9944804159593,1827.423655809971,1813.6078450756813,1821.047211336876,13186.0
2019-01-22 00:00:00+00:00,1821.3868884495512,1828.2749238342074,1806.625012769319,1816.6401128525777,49658.0
2019-01-23 00:00:00+00:00,1816.409404492335,1824.8344055820032,1803.9028941544027,1815.7271358531875,50514.0
2019-01-24 00:00:00+00:00,1816.4415207285574,1832.591540561206,1805.0982845796577,1815.8545610352953,18859.0
2019-01-25 00:00:00+00:00,1816.554784569756,1840.6628099850502,1812.2616298120556,1835.733653677942,11119.0
2019-01-26 00:00:00+00:00,1835.0450562807655,1860.5854233717912,1832.4725736447604,1856.1151764072222,38937.0
2019-01-27 00:00:00+00:00,1857.0171561806055,1864.7333641524658,1850.4076521970749,1857.618112218036,57477.0
2019-01-28 00:00:00+00:00,1857.351631636847,1862.1095731500238,1853.772402991872,1856.2549337059268,25117.0
2019-01-29 00:00:00+00:00,1855.7141539995057,1864.6401396829074,1850.8187155749984,1858.8430463012116,25104.0
2019-01-30 00:00:00+00:00,1858.5925114764639,1862.2978986957269,1842.029003206677,1844.2199948720122,8193.0
2019-01-31 00:00:00+00:00,1843.2995468181457,1847.6669063274571,1834.6807232640633,1842.8972899872167,54529.0
2019-02-01 00:00:00+00:00,1843.109333707658,1863.6334292389483,1840.9079620369296,1855.6104963096902,28260.0
2019-02-02 00:00:00+00:00,1856.4368772808405,1858.8608875020348,1840.9636104069434,1846.611658709702,29591.0
2019-02-03 00:00:00+00:00,1845.5167592585876,1857.6089601260826,1841.843108284981,1847.9713607523431,42555.0
2019-02-04 00:00:00+00:00,1848.2447031068266,1855.396214842637,1836.0868127000342,1843.8541216419796,19122.0
2019-02-05 00:00:00+00:00,1844.2370049193948,1868.7409551428477,1796.9465513885102,1817.4560800218107,31667.0
2019-02-06 00:00:00+00:00,1817.886221036039,1831.289092160906,1801.3090270882678,1826.5514005109362,32934.0
2019-02-07 00:00:00+00:00,1826.9731967759114,1855.7968557292031,1809.4306532635828,1838.141645914018,30889.0
2019-02-08 00:00:00+00:00,1838.4199003932986,1855.6440555955278,1827.469957159985,1841.1434724035976,47169.0
2019-02-09 00:00:00+00:00,1840.7897232720707,1867.08428471134,1823.5339286786925,1854.103702316899,44766.0
2019-02-10 00:00:00+00:00,1854.7069733882036,1869.6167426024167,1844.4117490080116,1859.2607460736938,45731.0
2019-02-11 00:00:00+00:00,1859.4697836567316,1875.5472931308027,1833.424776883182,1856.525933438485,11085.0
2019-02-12 00:00:00+00:00,1857.0627813939395,1876.9756596883162,1835.9153241881356,1847.2063811003277,59987.0
2019-02-13 00:00:00+00:00,1847.3988332453994,1852.2842079917443,1827.6734659025658,1839.7079056824143,43107.0
2019-02-14 00:00:00+00:00,1839.4985453085783,1852.9645183761506,1820.0235135748508,1831.0538298507695,15083.0
2019-02-15 00:00:00+00:00,1830.9953405791864,1841.2786090995928,1816.4937327987502,1826.9252127165287,21230.0
2019-02-16 00:00:00+00:00,1827.3221928341547,1841.2621271070543,1819.04351488445,1824.702915543546,13793.0
2019-02-17 00:00:00+00:00,1825.3990027610098,1836.590764106129,1819.4975732363332,1834.6601911171722,25164.0
2019-02-18 00:00:00+00:00,1833.2982915173893,1843.6098309983374,1820.589180064357,1829.7048698316237,34980.0
2019-02-19 00:00:00+00:00,1828.7871918615926,1849.9295447525947,1812.058714592412,1837.2597883971282,20828.0
2019-02-20 00:00:00+00:00,1836.090860921137,1846.2435126599523,1806.3066477118264,1815.8200213672699,18423.0
2019-02-21 00:00:00+00:00,1815.4259501219378,1821.3257553263322,1776.1879561276146,1780.8243420545268,29544.0
2019-02-22 00:00:00+00:00,1780.343835019766,1809.803463806304,1768.9234988429703,1800.5332072977521,7189.0
2019-02-23 00:00:00+00:00,1800.6421960479793,1804.9454885785985,1792.5493686209047,1800.6566309949367,9354.0
2019-02-24 00:00:00+00:00,1800.4208409704852,1817.3594491703143,1794.362793222128,1808.2566358851025,35647.0
2019-02-25 00:00:00+00:00,1809.1456862793584,1833.5779062668191,1805.788089291254,1825.3465282956838,25005.0
2019-02-26 00:00:00+00:00,1824.8903863891946,1852.8970414621908,1810.1033380164622,1837.3095729270156,48944.0
2019-02-27 00:00:00+00:00,1836.7843200192233,1850.4670345684945,1829.5092423987883,1845.121085794579,55077.0
2019-02-28 00:00:00+00:00,1844.5146642186255,1847.3894403070326,1827.4252573544404,1837.9344213377321,55332.0
2019-03-01 00:00:00+00:00,1837.6957365202304,1855.360381572845,1823.028523893685,1843.2744549841718,45268.0
2019-03-02 00:00:00+00:00,1843.3589253093833,1855.607970156919,1830.5926659321724,1844.0937815823775,21887.0
2019-03-03 00:00:00+00:00,1843.724557177312,1864.2740714874312,1838.7619633057543,1849.7776736094079,44094.0
2019-03-04 00:00:00+00:00,1849.0968443135512,1859.7510811771854,1829.6704818825835,1841.9856168674673,33363.0
2019-03-05 00:00:00+00:00,1840.9990056424201,1844.7786357441987,1833.2315822315136,1842.1922625934883,19320.0
2019-03-06 00:00:00+00:00,1842.2902547320157,1874.1021501251585,1835.2998819546322,1868.012477915556,42526.0
2019-03-07 00:00:00+00:00,1867.591158568919,1900.8591329146084,1847.1913246253082,1884.8861581533513,32396.0
2019-03-08 00:00:00+00:00,1884.1486452598683,1905.4912262856587,1856.3133746024766,1877.0103274019448,5550.0
2019-03-09 00:00:00+00:00,1876.785168712622,1893.4948265336016,1868.5946187654029,1890.1996228166565,50003.0
2019-03-10 00:00:00+00:00,1890.405781622003,1905.5905196853246,1867.1686496595169,1887.2119657791752,41013.0
2019-03-11 00:00:00+00:00,1888.6499000528402,1897.8684077712433,1876.526369915987,1886.4732378483202,25259.0
2019-03-12 00:00:00+00:00,1887.607302750117,1901.9068144976786,1879.9526056798693,1885.433628970762,11935.0
2019-03-13 00:00:00+00:00,1884.7624228444329,1901.4019324447574,1877.909359135494,1893.381301635514,31570.0
2019-03-14 00:00:00+00:00,1893.0239594301468,1911.9129003491244,1880.05028156702,1895.232656612608,33961.0
2019-03-15 00:00:00+00:00,1893.789053789656,1926.0303362006273,1878.4123522670886,1910.6879802310489,47338.0
2019-03-16 00:00:00+00:00,1909.2272226482337,1919.8206960902548,1883.5626388704147,1898.1535553532783,44093.0
2019-03-17 00:00:00+00:00,1896.78468196386,1905.6272167591258,1867.7922689593274,1878.8388490747761,59769.0
2019-03-18 00:00:00+00:00,1879.4552428077702,1891.281194293299,1869.3704253277933,1882.0794279927964,25670.0
2019-03-19 00:00:00+00:00,1881.935148790035,1909.5160052476976,1865.3950044196365,1887.5544863158893,27208.0
2019-03-20 00:00:00+00:00,1886.4638066098828,1890.2096951477965,1863.791657449485,1875.9258888067943,55601.0
2019-03-21 00:00:00+00:00,1875.4099471379054,1897.81486993298,1854.3512886285735,1883.9777953186478,18341.0
2019-03-22 00:00:00+00:00,1883.5805577166946,1894.8447488946515,1737.526916588872,1757.4845113181998,25384.0
2019-03-23 00:00:00+00:00,1757.0074125166068,1775.3043642158102,1753.9271868320084,1773.037580974388,15355.0
2019-03-24 00:00:00+00:00,1773.991903155216,1795.2012729496805,1753.0009939943916,1789.0498288424715,16018.0
2019-03-25 00:00:00+00:00,1787.700263683399,1821.863760940155,1765.2151046587012,1807.5210626506491,55267.0
2019-03-26 00:00:00+00:00,1807.172442454935,1819.25899846992,1803.5763117558276,1816.1044551930006,19555.0
2019-03-27 00:00:00+00:00,1816.237593992514,1832.0533059730813,1801.431992626228,1812.6698176845061,14222.0
2019-03-28 00:00:00+00:00,1812.9646128510506,1842.2239618735293,1804.7762946099056,1836.9402563302388,10518.0
2019-03-29 00:00:00+00:00,1835.3814238748212,1843.5688452010893,1830.2648030476141,1835.2262433791313,5594.0
2019-03-30 00:00:00+00:00,1835.3187342677506,1840.5744692030357,1818.0774187638692,1829.863898430055,12245.0
2019-03-31 00:00:00+00:00,1828.9493066764985,1838.1687905173146,1815.7020307374369,1825.3703684907196,26694.0
2019-04-01 00:00:00+00:00,1824.931631162283,1835.9676358353506,1822.3488844044866,1827.9519759321347,36454.0
2019-04-02 00:00:00+00:00,1826.808770596847,1838.4554674050048,1816.5713529963202,1824.681600875481,52144.0
2019-04-03 00:00:00+00:00,1825.1800219323934,1834.5580885307056,1814.0856801722177,1821.756598424629,38270.0
2019-04-04 00:00:00+00:00,1823.8790797376573,1828.6951840298264,1805.9193166607054,1820.30350386664,15174.0
2019-04-05 00:00:00+00:00,1820.9686067771613,1824.2881059057495,1813.1055369565595,1817.65713449976,46557.0
2019-04-06 00:00:00+00:00,1817.4144377376313,1841.4170987575253,1807.681403047822,1833.4597200158883,16361.0
2019-04-07 00:00:00+00:00,1832.1983142758447,1862.5836764484498,1825.1355392288067,1857.6839454195706,49237.0
2019-04-08 00:00:00+00:00,1858.2635968578934,1862.6059220549837,1822.6719731340736,1831.8047169939323,10902.0
2019-04-09 00:00:00+00:00,1832.6043968825957,1840.2028430546168,1814.627498601178,1835.2404462542195,27882.0
2019-04-10 00:00:00+00:00,1834.4355293985245,1888.519089695403,1818.1018669775065,1874.3240576557778,33916.0
2019-04-11 00:00:00+00:00,1874.9601770843137,1899.5875742800754,1861.114806307202,1882.4961823504807,16324.0
2019-04-12 00:00:00+00:00,1881.1741442653397,1898.7624534352644,1872.8690778838657,1889.3104412033504,9832.0
2019-04-13 00:00:00+00:00,1888.355391515861,1915.5891956994637,1882.693388900369,1912.980272219716,24832.0
2019-04-14 00:00:00+00:00,1913.0495257795105,1920.8936562718739,1898.8802487824205,1914.0761003030502,16918.0
2019-04-15 00:00:00+00:00,1913.0237730375231,1919.160295926777,1898.1363269826425,1907.9908696056348,26912.0
2019-04-16 00:00:00+00:00,1908.5045667447482,1921.2325603361596,1905.135946361602,1918.8289714295124,43109.0
2019-04-17 00:00:00+00:00,1919.8375590690841,1933.470346315145,1812.108322517387,1828.1381555314206,5335.0
2019-04-18 00:00:00+00:00,1828.149136861101,1835.7598658750699,1821.7600007581468,1828.967172217845,9142.0
2019-04-19 00:00:00+00:00,1829.2785101381057,1846.278775066339,1772.451467988495,1783.840420929736,34509.0
2019-04-20 00:00:00+00:00,1784.8982717000138,1809.889995965631,1781.5845670398767,1805.6002745137087,37377.0
2019-04-21 00:00:00+00:00,1805.927292319882,1813.0610942609599,1777.0220594694267,1794.5493524145836,57556.0
2019-04-22 00:00:00+00:00,1795.4158711186699,1803.5023111155733,1790.054468698029,1799.214652780257,58584.0
2019-04-23 00:00:00+00:00,1800.1714140706129,1816.0333057981045,1758.199416604847,1782.441296701435,13139.0
2019-04-24 00:00:00+00:00,1781.7045561183347,1803.0260412410207,1777.146081521194,1789.847685575158,19335.0
2019-04-25 00:00:00+00:00,1791.3174210574055,1800.1028323699973,1771.4303177632944,1794.4671426829464,20631.0
2019-04-26 00:00:00+00:00,1795.2547801555907,1808.6882178677204,1768.7756325049945,1772.0315748173175,22319.0
2019-04-27 00:00:00+00:00,1772.1161001326,1774.6490236884001,1752.136556437248,1758.3116373764487,37988.0
2019-04-28 00:00:00+00:00,1758.8468016327934,1761.7326328427946,1742.0773408806474,1746.3368717817948,36348.0
2019-04-29 00:00:00+00:00,1746.5328887485857,1767.234583622746,1741.7733379712058,1761.8953817712593,35880.0
2019-04-30 00:00:00+00:00,1762.0357354959376,1792.9249486843364,1754.5814469443137,1777.6469712274484,57593.0
2019-05-01 00:00:00+00:00,1776.957613158804,1778.6838522570408,1758.5786385271056,1764.391973692827,36356.0
2019-05-02 00:00:00+00:00,1764.1088408685407,1780.0656979577052,1754.2823070420095,1772.3620539475316,38416.0
2019-05-03 00:00:00+00:00,1772.125188448073,1792.3671596646348,1767.477050594884,1776.738282000566,47450.0
2019-05-04 00:00:00+00:00,1777.462705418357,1792.9749967702953,1773.688934140782,1788.9807608063752,18624.0
2019-05-05 00:00:00+00:00,1789.296451852631,1798.0144567117873,1775.0510343787582,1778.582619465619,30868.0
2019-05-06 00:00:00+00:00,1778.8487941815276,1782.3778682462469,1770.3934745815202,1777.4921255463378,20253.0
2019-05-07 00:00:00+00:00,1777.4057389417421,1794.306279027872,1766.3561661684917,1782.221549366628,18137.0
2019-05-08 00:00:00+00:00,1783.0694188705995,1793.9480019568568,1774.6038379524266,1785.2227786751532,59609.0
2019-05-09 00:00:00+00:00,1783.5500480220373,1794.0366959977182,1770.0199425050243,1786.669463869911,7349.0
2019-05-10 00:00:00+00:00,1786.0423337851603,1801.4361312021404,1758.5431483989034,1769.603437196984,58718.0
2019-05-11 00:00:00+00:00,1770.2362699596945,1781.4006781892438,1753.2932848111222,1764.9920755762523,11453.0
2019-05-12 00:00:00+00:00,1764.7067724367455,1780.6912448874705,1749.1148086791072,1755.744421452328,54255.0
2019-05-13 00:00:00+00:00,1756.1668570154284,1763.2481413633936,1753.8887012137463,1758.9150289558404,13695.0
2019-05-14 00:00:00+00:00,1759.9697544956884,1761.069286617255,1757.652974821918,1759.9887446291839,42195.0
2019-05-15 00:00:00+00:00,1760.5186830503665,1766.4483633374919,1746.852416157356,1757.1661430165498,26362.0
2019-05-16 00:00:00+00:00,1756.1744369929702,1764.8422404753023,1740.5498609276183,1747.1372129112215,21956.0
2019-05-17 00:00:00+00:00,1746.9798555688744,1755.2303649924445,1723.0169996358898,1739.050194820185,49283.0
2019-05-18 00:00:00+00:00,1738.2816734449927,1743.6908918060483,1726.72906299195,1729.836588937462,21852.0
2019-05-19 00:00:00+00:00,1730.1417952087463,1743.1221393318435,1728.5308709924047,1739.3099736410247,18283.0
2019-05-20 00:00:00+00:00,1739.9902192857016,1745.1030626411446,1722.8201629460023,1735.2016988393939,59139.0
2019-05-21 00:00:00+00:00,1735.0374971078281,1742.888416785413,1730.760184471194,1736.2461489089992,13288.0
2019-05-22 00:00:00+00:00,1736.5785806860424,1751.7975966586782,1733.6026668671136,1743.816202552337,45266.0
2019-05-23 00:00:00+00:00,1743.6773727959248,1755.0376537281802,1731.706673235394,1744.1125073687488,10649.0
2019-05-24 00:00:00+00:00,1745.3823504076033,1755.4407355901512,1732.9967948194449,1743.233061952677,54037.0
2019-05-25 00:00:00+00:00,1743.315530673128,1762.1712671252824,1733.697453848515,1748.8095117915027,37280.0
2019-05-26 00:00:00+00:00,1748.9580021729219,1761.5441374013162,1738.408275876086,1748.3604250291064,16091.0
2019-05-27 00:00:00+00:00,1748.7318519282808,1763.4285614762389,1727.8501482158226,1746.469184916689,30366.0
2019-05-28 00:00:00+00:00,1747.1666217312868,1752.8575822890891,1733.63293225374,1735.70157662676,32319.0
2019-05-29 00:00:00+00:00,1736.1563885816113,1739.965213880137,1730.9714900329932,1737.311792756593,35780.0
2019-05-30 00:00:00+00:00,1737.289571981095,1745.0812349088033,1730.462513898772,1740.339546803724,9009.0
2019-05-31 00:00:00+00:00,1740.372915785329,1744.3138206576707,1722.0678591860774,1725.4519134056864,11278.0
2019-06-01 00:00:00+00:00,1725.7831201513775,1735.5109654472549,1715.9956694956588,1721.7472592129043,31777.0
2019-06-02 00:00:00+00:00,1722.1312152397152,1746.0380789058975,1681.7120613760044,1694.6573335082123,6215.0
2019-06-03 00:00:00+00:00,1694.4133137740444,1707.4152739398182,1669.0073827858535,1675.4127634468769,10669.0
2019-06-04 00:00:00+00:00,1675.0427483126387,1687.8212766761915,1653.5696281532214,1671.497634419714,13277.0
2019-06-05 00:00:00+00:00,1671.3460297333743,1685.87469728562,1658.3925900943418,1671.277060070346,7342.0
2019-06-06 00:00:00+00:00,1671.5696576171579,1676.153468643085,1643.1853564302376,1650.367381995465,23723.0
2019-06-07 00:00:00+00:00,1650.0855749524862,1666.6170914374916,1633.0021588211455,1648.7648667184149,41264.0
2019-06-08 00:00:00+00:00,1648.0863301337454,1663.0870553828136,1636.5523859818163,1653.8917580654809,54577.0
2019-06-09 00:00:00+00:00,1653.6804932638963,1659.8294854259543,1649.447947420712,1656.3473811084561,52672.0
2019-06-10 00:00:00+00:00,1656.0372939778522,1673.1487382727453,1625.663631781141,1644.6522484626134,59184.0
2019-06-11 00:00:00+00:00,1645.0304730021169,1664.0257673414364,1642.9533273305742,1657.7332671477945,45568.0
2019-06-12 00:00:00+00:00,1657.408522198763,1675.4505386586611,1654.8358838146787,1664.7664861777519,56641.0
2019-06-13 00:00:00+00:00,1664.5075867932028,1669.4665596598707,1657.371788239978,1665.8530769383192,13658.0
2019-06-14 00:00:00+00:00,1667.0388861174877,1670.8112833166815,1655.8827311390658,1662.8611985140321,21046.0
2019-06-15 00:00:00+00:00,1663.1434049639151,1680.0197962534944,1648.61569437266,1671.7385367861561,41855.0
2019-06-16 00:00:00+00:00,1671.1510329052278,1676.4905622655785,1664.896313631447,1672.21814610288,37943.0
2019-06-17 00:00:00+00:00,1672.981818546963,1680.0335660574394,1647.6075881898303,1656.2815988201025,38832.0
2019-06-18 00:00:00+00:00,1656.051870121528,1697.3098630420782,1633.672119507081,1674.3922794400178,5323.0
2019-06-19 00:00:00+00:00,1673.8765654499473,1679.8731091629404,1665.2701409075883,1674.4327395223056,37187.0
2019-06-20 00:00:00+00:00,1674.845217641312,1676.0497305873157,1669.916662859327,1671.948144426282,39266.0
2019-06-21 00:00:00+00:00,1671.052329200989,1675.3717601212597,1663.2797554621511,1667.6721340697761,33742.0
2019-06-22 00:00:00+00:00,1667.6313775766637,1670.782593113566,1655.3681012873822,1660.5200896382867,5136.0
2019-06-23 00:00:00+00:00,1660.875312419625,1665.779612092165,1651.7060321896984,1655.804361298355,17450.0
2019-06-24 00:00:00+00:00,1656.2747336985328,1672.3840544384202,1643.885152918349,1656.9909315863458,16229.0
2019-06-25 00:00:00+00:00,1656.6605126879197,1658.6498991599162,1643.6545529444543,1648.9922315850422,41775.0
2019-06-26 00:00:00+00:00,1648.680667431242,1653.1387187398363,1636.1382062026485,1639.6612358555433,46321.0
2019-06-27 00:00:00+00:00,1639.6099230447617,1645.9826613972489,1616.994901661555,1619.2364083371117,39401.0
2019-06-28 00:00:00+00:00,1619.982719607715,1624.857603767338,1613.4476164299238,1619.9302988372422,16716.0
2019-06-29 00:00:00+00:00,1618.828491685337,1635.5808799386257,1610.7255688033101,1625.4133515815276,21604.0
2019-06-30 00:00:00+00:00,1625.9208089873043,1646.7449600625218,1614.7454472442319,1623.216983473511,25493.0
2019-07-01 00:00:00+00:00,1623.403290048952,1655.1762062789371,1616.8942966006198,1645.0018994047537,45758.0
2019-07-02 00:00:00+00:00,1645.8577661538613,1653.700621229531,1642.9176264458827,1651.6305272112932,40115.0
2019-07-03 00:00:00+00:00,1650.930124526723,1671.7460179430948,1630.0533846621845,1657.8018723532775,52129.0
2019-07-04 00:00:00+00:00,1658.5292605940488,1674.3341521309876,1645.968235251633,1665.516480086243,20354.0
2019-07-05 00:00:00+00:00,1664.9707124978604,1668.959874005191,1652.0749163290764,1655.3553608797708,57091.0
2019-07-06 00:00:00+00:00,1655.5463281257391,1660.0303957981657,1622.7630517538514,1627.1636962174075,30557.0
2019-07-07 00:00:00+00:00,1626.9239133854771,1633.4821858902094,1615.3672538255148,1619.5807481515535,29444.0
2019-07-08 00:00:00+00:00,1618.073922292725,1629.549951256933,1598.9209102239056,1622.7145684055188,23290.0
2019-07-09 00:00:00+00:00,1622.6815075694626,1642.349083171011,1585.016509206653,1594.5444919553279,20256.0
2019-07-10 00:00:00+00:00,1594.7849215051172,1598.0025654855103,1583.709009533011,1591.504817277849,30480.0
2019-07-11 00:00:00+00:00,1592.0288994806106,1603.757276211379,1510.5861546957383,1517.045881178153,34006.0
2019-07-12 00:00:00+00:00,1516.6862044760048,1525.2952128892032,1507.4345586264424,1509.9632805331514,7934.0
2019-07-13 00:00:00+00:00,1509.2977177711964,1514.7324509677212,1497.2194916163974,1506.7350046541405,27767.0
2019-07-14 00:00:00+00:00,1507.1429111683212,1509.2275473697723,1499.5139851879603,1504.1359749006765,26517.0
2019-07-15 00:00:00+00:00,1503.9355562648125,1514.6467822545696,1487.995626414777,1507.5672505916984,51756.0
2019-07-16 00:00:00+00:00,1508.1693503254235,1522.6031002645036,1485.7076662579868,1493.5373299340347,50214.0
2019-07-17 00:00:00+00:00,1494.348812842348,1504.5011361923396,1488.895377200415,1498.7418921656865,54938.0
2019-07-18 00:00:00+00:00,1498.6134775115409,1507.2092619787857,1477.8443856668105,1484.3595371883173,49248.0
2019-07-19 00:00:00+00:00,1484.2675121527225,1507.9791548184191,1472.9937516553382,1502.2011917783586,55929.0
2019-07-20 00:00:00+00:00,1501.7937542527595,1518.0050669276973,1493.2697003765409,1511.3457414544116,18057.0
2019-07-21 00:00:00+00:00,1510.186791120555,1515.0938888925016,1491.7291073866063,1503.0494793905802,9718.0
2019-07-22 00:00:00+00:00,1503.0504360586617,1513.0916345681462,1493.6365027559632,1506.1305870110593,13219.0
2019-07-23 00:00:00+00:00,1506.5512757862944,1510.9014524506094,1466.5251808264825,1480.6699750388939,6873.0
2019-07-24 00:00:00+00:00,1481.271363101016,1495.1898540266006,1478.8011610428375,1493.1313174894403,22331.0
2019-07-25 00:00:00+00:00,1493.1246229462079,1495.5150374969173,1476.712060486462,1483.2787450786918,35871.0
2019-07-26 00:00:00+00:00,1484.3260612534293,1621.8743235660072,1472.3402994787746,1604.0864589837906,17191.0
2019-07-27 00:00:00+00:00,1603.773228541754,1614.4732480163293,1579.2928382211985,1586.943803125402,19698.0
2019-07-28 00:00:00+00:00,1586.935753907022,1612.2350573281944,1580.5962570397605,1604.449801281839,48629.0
2019-07-29 00:00:00+00:00,1604.1248731887,1609.6112548142607,1597.5083148639917,1605.0617394985832,10905.0
2019-07-30 00:00:00+00:00,1604.799207694862,1612.3647666320423,1564.4694478915005,1571.639557861835,22120.0
2019-07-31 00:00:00+00:00,1571.48072472648,1588.2656427757815,1564.0507489515596,1577.6583046605854,48915.0
2019-08-01 00:00:00+00:00,1577.2523281311162,1592.4637645419996,1562.1778085893889,1580.5468072005121,35616.0
2019-08-02 00:00:00+00:00,1580.3014464510845,1600.4261817147544,1576.8601444416174,1595.4620908705897,38266.0
2019-08-03 00:00:00+00:00,1595.6403716601253,1603.0070061020674,1574.6929472642155,1578.6590660813622,38785.0
2019-08-04 00:00:00+00:00,1578.7326676474281,1581.0119196356043,1569.6418086898611,1576.0275973295309,39672.0
2019-08-05 00:00:00+00:00,1575.4093481686687,1590.4253425590796,1555.3453139234643,1566.1091088178878,17743.0
2019-08-06 00:00:00+00:00,1566.4184772528565,1574.798428685838,1552.4378080997694,1555.7525365892247,26871.0
2019-08-07 00:00:00+00:00,1555.277157240194,1570.234033396315,1548.3485957034607,1559.1189956163055,9581.0
2019-08-08 00:00:00+00:00,1559.3970055146797,1564.7363574497738,1550.3768720046014,1555.8979309642789,32906.0
2019-08-09 00:00:00+00:00,1555.9487128028388,1558.9375061982778,1537.7145964628426,1540.6591036861273,35582.0
2019-08-10 00:00:00+00:00,1539.5428985316198,1547.6952376362008,1537.1253991838857,1542.7169873116054,33545.0
2019-08-11 00:00:00+00:00,1542.1176965288103,1544.2030602301393,1533.7993323274509,1535.2028967154465,10019.0
2019-08-12 00:00:00+00:00,1535.7653209993703,1537.1050534043864,1532.4302896849922,1534.9990691214566,17788.0
2019-08-13 00:00:00+00:00,1534.632097615854,1543.0403327667516,1520.2855608577502,1539.8055579189463,48610.0
2019-08-14 00:00:00+00:00,1539.429846970148,1547.8237270843103,1528.4441746453003,1538.3523975257187,26514.0
2019-08-15 00:00:00+00:00,1538.1068552085326,1543.0271109561302,1518.190702712391,1526.202674374795,14499.0
2019-08-16 00:00:00+00:00,1526.2768449174284,1538.4408538416144,1519.9857704737935,1534.3385327872477,28947.0
2019-08-17 00:00:00+00:00,1534.683053234256,1543.5124763830777,1525.616032686564,1535.639537248844,28457.0
2019-08-18 00:00:00+00:00,1535.4764375357913,1549.3383943987005,1506.0254342825122,1513.3312284897765,52816.0
2019-08-19 00:00:00+00:00,1514.3117446990925,1521.6411701249046,1503.3896076903839,1515.6451468768028,18607.0
2019-08-20 00:00:00+00:00,1515.325541789446,1532.386485249394,1509.7176672512458,1525.0396245643608,25651.0
2019-08-21 00:00:00+00:00,1524.7790925512684,1535.6806381840847,1520.9969507037254,1529.547818183933,38782.0
2019-08-22 00:00:00+00:00,1529.4501703829146,1535.845209443308,1525.5332985487028,1530.869205592627,58399.0
2019-08-23 00:00:00+00:00,1530.976113491821,1542.9475789198386,1520.5137059563936,1531.3233349120887,16182.0
2019-08-24 00:00:00+00:00,1532.184580497451,1537.519162819921,1518.4490896545828,1528.9286220461793,20272.0
2019-08-25 00:00:00+00:00,1530.304650337125,1537.281978076353,1525.159553817392,1527.046832320719,9777.0
2019-08-26 00:00:00+00:00,1526.8589072733184,1544.4503965168044,1521.3551452479085,1540.4417902130854,42813.0
2019-08-27 00:00:00+00:00,1540.35279332576,1546.8079756039167,1527.184982648237,1537.7985342594955,54063.0
2019-08-28 00:00:00+00:00,1538.1795723002883,1542.6502753606449,1529.8558404501127,1533.752256105988,17881.0
2019-08-29 00:00:00+00:00,1533.6919317210154,1548.6399437669406,1515.440872373239,1529.2660827311445,5377.0
2019-08-30 00:00:00+00:00,1529.777733403446,1541.1954393468923,1525.9789535670423,1533.0425819450395,32323.0
2019-08-31 00:00:00+00:00,1532.432569723093,1537.1424500432777,1521.0213741699426,1528.4383148950049,10915.0
2019-09-01 00:00:00+00:00,1528.9452940970134,1537.831741779864,1526.9452764572763,1531.969831148686,57465.0
2019-09-02 00:00:00+00:00,1530.7056967950523,1537.4988986205879,1522.3544571012,1533.377833387485,19747.0
2019-09-03 00:00:00+00:00,1533.6952642399576,1553.67027354851,1529.6740327766647,1550.5413543969419,30467.0
2019-09-04 00:00:00+00:00,1550.947124530425,1559.8422582887356,1526.392076217724,1545.2509500690699,7389.0
2019-09-05 00:00:00+00:00,1546.7263350745889,1561.2359651922154,1533.684319354328,1549.0545790006252,42885.0
2019-09-06 00:00:00+00:00,1548.5263018924898,1558.42487729245,1531.327697552673,1543.4199665694864,40816.0
2019-09-07 00:00:00+00:00,1543.8390130586336,1571.9164675567247,1535.692360301109,1546.9186651351667,29258.0
2019-09-08 00:00:00+00:00,1547.3116239007793,1558.767480101625,1523.9135268681116,1546.1012877763585,22701.0
2019-09-09 00:00:00+00:00,1545.5543871726186,1576.3320424033623,1539.094505742051,1559.3269289416237,45186.0
2019-09-10 00:00:00+00:00,1559.489653708577,1566.398073703284,1549.0112173447417,1552.8820213615252,30866.0
2019-09-11 00:00:00+00:00,1552.3898614673933,1575.9007938137715,1507.7006604195435,1532.8770770820304,26937.0
2019-09-12 00:00:00+00:00,1532.203687389699,1554.163234316544,1509.1427350396623,1515.6308470339745,23647.0
2019-09-13 00:00:00+00:00,1514.7647562553416,1533.0216191013112,1499.0987863554772,1517.503555920705,58318.0
2019-09-14 00:00:00+00:00,1517.384450845996,1526.0328198848126,1490.7995104670067,1502.912734673409,36186.0
2019-09-15 00:00:00+00:00,1502.3153865941256,1513.2101371560805,1493.38248470759,1498.3533178910989,20934.0
2019-09-16 00:00:00+00:00,1497.1711442271464,1511.4082020715389,1479.663609980924,1492.2991018325743,25249.0
2019-09-17 00:00:00+00:00,1492.4693558920706,1517.995713455466,1483.689702604595,1510.7015723997724,49547.0
2019-09-18 00:00:00+00:00,1509.7168751929598,1527.231781482556,1500.0060011731518,1519.1643052143263,13248.0
2019-09-19 00:00:00+00:00,1519.573757855363,1524.405587468755,1506.0073333400328,1511.6253997874896,21226.0
2019-09-20 00:00:00+00:00,1511.7715599357023,1518.4932242799484,1505.3613721850832,1508.410568194455,46991.0
2019-09-21 00:00:00+00:00,1507.93858610988,1519.5800055746306,1502.0390534285668,1517.3747805137825,48791.0
2019-09-22 00:00:00+00:00,1516.4573666704773,1521.911835417609,1513.1637816683883,1516.7986440774557,30955.0
2019-09-23 00:00:00+00:00,1516.2738770050082,1571.3186113271847,1500.848663221603,1555.0087333348652,24756.0
2019-09-24 00:00:00+00:00,1554.2074535214333,1564.7412851427405,1543.8857106150413,1555.5073229774307,24181.0
2019-09-25 00:00:00+00:00,1555.284246837482,1565.4595601767442,1539.35766906389,1553.816886728762,18225.0
2019-09-26 00:00:00+00:00,1553.6009332346882,1583.0442732043039,1543.4242229942029,1576.8858421459731,33587.0
2019-09-27 00:00:00+00:00,1578.3863305382874,1586.9716882468,1551.4763513436874,1554.8242288268625,36923.0
2019-09-28 00:00:00+00:00,1553.575915337465,1569.3853889829438,1537.833793193155,1553.6043030981514,48635.0
2019-09-29 00:00:00+00:00,1553.2535415156651,1570.6380687102237,1530.160513808329,1541.104506904148,8212.0
2019-09-30 00:00:00+00:00,1541.4374241457695,1565.0409245401438,1506.7269499057024,1526.6924510913768,35135.0
2019-10-01 00:00:00+00:00,1527.2989191314575,1537.3678003392977,1499.5152744006346,1510.1161288258158,35901.0
2019-10-02 00:00:00+00:00,1510.8981432254377,1521.686725773574,1483.9044328973355,1493.4960522735503,40216.0
2019-10-03 00:00:00+00:00,1492.9331716297322,1496.7955584983763,1478.6319261110114,1487.98022271028,28036.0
2019-10-04 00:00:00+00:00,1488.4431704622436,1499.5210924133303,1476.0496042418276,1482.1757006584992,16158.0
2019-10-05 00:00:00+00:00,1480.5308292468815,1491.7683422633045,1466.7621542595484,1477.0840635136344,40407.0
2019-10-06 00:00:00+00:00,1476.9576630706576,1482.335086293201,1466.7387262092159,1473.992118291833,39085.0
2019-10-07 00:00:00+00:00,1474.4795955562377,1477.7818669449389,1467.0343949609885,1469.9561762214573,41867.0
2019-10-08 00:00:00+00:00,1470.3607556912539,1484.3436886871755,1448.4338952185487,1463.2172964404008,17363.0
2019-10-09 00:00:00+00:00,1462.4216521612525,1472.016692293351,1449.9458286368292,1464.4500735194338,52155.0
2019-10-10 00:00:00+00:00,1463.9812617122077,1475.48847477401,1460.3338466027758,1473.1961973105053,57900.0
2019-10-11 00:00:00+00:00,1471.9684468111302,1480.6302047142608,1464.71241007466,1469.8100813087235,12491.0
2019-10-12 00:00:00+00:00,1469.3869612359306,1480.0445475041768,1459.2185381790223,1468.5660535275154,35507.0
2019-10-13 00:00:00+00:00,1467.7829919477713,1482.7790628537439,1457.6003933486932,1474.1124112275702,46383.0
2019-10-14 00:00:00+00:00,1474.2678650431437,1481.1195012852027,1463.1774664902434,1467.896784230194,12506.0
2019-10-15 00:00:00+00:00,1467.4652087032096,1471.437812244964,1425.8472080800773,1428.0520202479263,31270.0
2019-10-16 00:00:00+00:00,1428.3823246198917,1431.7841088877115,1418.5030469225915,1422.4403663163546,51067.0
2019-10-17 00:00:00+00:00,1422.3777998697915,1454.4209239367003,1420.2039087483067,1452.0838473453407,55749.0
2019-10-18 00:00:00+00:00,1451.8943376264324,1460.3435331513117,1430.9501006366768,1437.1900488867827,13491.0
2019-10-19 00:00:00+00:00,1438.1714789829102,1445.8740313495168,1426.2285150463447,1436.123033675326,55944.0
2019-10-20 00:00:00+00:00,1436.7717405468527,1445.430884135569,1433.8195823088108,1443.1550987441767,38331.0
2019-10-21 00:00:00+00:00,1442.4134811365482,1460.6901986128516,1433.3199339907633,1451.871038770605,56880.0
2019-10-22 00:00:00+00:00,1452.6485281997725,1457.5949096348154,1449.8376897136452,1454.8767845331424,38610.0
2019-10-23 00:00:00+00:00,1455.3055120256302,1460.7681677117746,1418.3710607659325,1423.3064214640472,27235.0
2019-10-24 00:00:00+00:00,1424.0380220449101,1433.2907941927422,1420.9781835441606,1428.0706068041561,9407.0
2019-10-25 00:00:00+00:00,1428.3192411483217,1440.7045130317204,1401.393704115029,1414.0667555704865,55750.0
2019-10-26 00:00:00+00:00,1413.0786946363692,1422.909103446018,1407.9685986498796,1414.097274468889,46302.0
2019-10-27 00:00:00+00:00,1413.8891987637749,1433.0281362036542,1403.495951078824,1428.3835639935423,28796.0
2019-10-28 00:00:00+00:00,1427.0326336842195,1432.9834334589282,1405.730857448385,1410.5123380831358,45775.0
2019-10-29 00:00:00+00:00,1409.7432704469657,1411.8249190389456,1394.1575521591258,1399.213900725191,42517.0
2019-10-30 00:00:00+00:00,1398.8328148111682,1421.5414415337202,1393.9750814346442,1402.7823047162342,59830.0
2019-10-31 00:00:00+00:00,1403.472933113192,1425.7274330534572,1383.9076356759413,1401.0965534160973,30560.0
2019-11-01 00:00:00+00:00,1401.1168302098629,1410.9882290062035,1365.489959002594,1374.7802769981784,42839.0
2019-11-02 00:00:00+00:00,1374.8942668826353,1393.8289209821169,1367.8426901471646,1386.2804759649823,16056.0
2019-11-03 00:00:00+00:00,1386.676483493949,1400.9064140287849,1366.331920216387,1377.5118744533436,34183.0
2019-11-04 00:00:00+00:00,1377.0244175665086,1413.772542782836,1362.9058443865417,1403.3116803993034,46245.0
2019-11-05 00:00:00+00:00,1403.9124642836218,1433.504503293775,1396.2758916814375,1424.6020515298487,20706.0
2019-11-06 00:00:00+00:00,1424.7220018807907,1443.090264107678,1391.3827938091572,1411.6351817166899,41717.0
2019-11-07 00:00:00+00:00,1411.1044503074438,1422.8096988407221,1392.1520344346502,1405.9658468306213,14677.0
2019-11-08 00:00:00+00:00,1405.6490377415973,1412.143321063548,1390.3504793153547,1400.3000375183303,31272.0
2019-11-09 00:00:00+00:00,1400.1644485988468,1434.1583082634656,1383.374140396697,1419.9806058231502,43510.0
2019-11-10 00:00:00+00:00,1420.3133046063708,1427.34042226122,1404.2718504690022,1413.8989183699787,48286.0
2019-11-11 00:00:00+00:00,1414.679729572379,1422.563718827641,1386.364260954459,1397.2639840433806,55973.0
2019-11-12 00:00:00+00:00,1397.0930608640501,1404.897981603359,1382.7699298811297,1396.9926200468806,55818.0
2019-11-13 00:00:00+00:00,1396.8677771394055,1412.2679719394412,1391.9236014221362,1403.651671133709,49900.0
2019-11-14 00:00:00+00:00,1404.6332863728699,1415.665738133131,1396.9722525189195,1404.6232725658942,35292.0
2019-11-15 00:00:00+00:00,1406.3693462087529,1410.1982382239592,1398.7643781995037,1404.622090881126,26090.0
2019-11-16 00:00:00+00:00,1405.606296773966,1415.7304717081859,1382.8451800698479,1393.254128024937,7301.0
2019-11-17 00:00:00+00:00,1393.355457350701,1407.4483808424511,1391.867903341375,1403.7435043777175,21054.0
2019-11-18 00:00:00+00:00,1403.5435717124408,1421.8804629369802,1392.8071291629435,1411.2664224750838,17790.0
2019-11-19 00:00:00+00:00,1411.6389737373222,1418.1403591263163,1408.45548550771,1414.3238569067983,22421.0
2019-11-20 00:00:00+00:00,1414.4881770047655,1422.187750434413,1402.7020268562508,1410.140702641503,35107.0
2019-11-21 00:00:00+00:00,1409.7014113732214,1421.2989375567581,1400.7463968892707,1403.9476546457447,8973.0
2019-11-22 00:00:00+00:00,1404.6888259732802,1417.104946757228,1386.06009130827,1395.2921472054788,5447.0
2019-11-23 00:00:00+00:00,1396.6707807254718,1414.3995417429849,1392.8195848870137,1407.7252022064515,8028.0
2019-11-24 00:00:00+00:00,1407.2588663960016,1424.4190832601212,1398.8618923855247,1414.6464600815286,15324.0
2019-11-25 00:00:00+00:00,1414.2070403413895,1422.318742946086,1412.6075028268144,1416.7693663305558,53561.0
2019-11-26 00:00:00+00:00,1416.4850138485085,1423.1768500612689,1392.912228684778,1401.9592254990803,5757.0
2019-11-27 00:00:00+00:00,1401.2635205357394,1441.0065702128134,1382.0639913439493,1421.1059813225238,19373.0
2019-11-28 00:00:00+00:00,1421.5539986918234,1425.6615176020468,1417.7131096791813,1423.316597672077,56272.0
2019-11-29 00:00:00+00:00,1422.512651990986,1428.537360418552,1399.6846495263173,1410.3504488969527,16101.0
2019-11-30 00:00:00+00:00,1410.7145577388528,1423.3740966682499,1392.9068095474238,1412.2104503269852,52369.0
2019-12-01 00:00:00+00:00,1412.425815131443,1425.3900566341424,1398.193316795661,1411.1597881144723,46894.0
2019-12-02 00:00:00+00:00,1411.5688548509352,1433.511866764774,1399.865583281347,1419.4081935895438,34625.0
2019-12-03 00:00:00+00:00,1418.5816195036632,1425.8288760811536,1378.953316135688,1381.2082742573468,56033.0
2019-12-04 00:00:00+00:00,1381.2841358746361,1388.6514945142824,1375.5118800129096,1379.8475877206627,11164.0
2019-12-05 00:00:00+00:00,1379.9924361058368,1397.690499358403,1371.8297675210026,1392.1320920035578,38195.0
2019-12-06 00:00:00+00:00,1392.6113229856328,1396.2856680154882,1375.16361408711,1383.4134353101997,21173.0
2019-12-07 00:00:00+00:00,1383.613888510237,1399.733808737364,1380.4559124864736,1390.7822406229152,32856.0
2019-12-08 00:00:00+00:00,1390.4620913666733,1408.1956512093477,1382.8988426246513,1400.7046696270813,7617.0
2019-12-09 00:00:00+00:00,1401.3281791717689,1415.781206341156,1391.2395616007839,1411.813961794658,33132.0
2019-12-10 00:00:00+00:00,1412.5774486727785,1417.181243786754,1398.76447818479,1407.498824545157,6995.0
2019-12-11 00:00:00+00:00,1408.2417784537608,1424.9903760013021,1404.050704792256,1416.2183437041156,56533.0
2019-12-12 00:00:00+00:00,1415.8017207717182,1449.5882756732763,1412.4867165567475,1441.792137818511,33720.0
2019-12-13 00:00:00+00:00,1442.0876077394962,1456.2093471304374,1428.916986190451,1440.3211507232286,38836.0
2019-12-14 00:00:00+00:00,1439.8022864883471,1444.9651973107518,1436.400983821911,1439.7952297742524,27450.0
2019-12-15 00:00:00+00:00,1439.6958917355425,1460.7038958262644,1429.3255726702012,1455.5571037159914,34761.0
2019-12-16 00:00:00+00:00,1455.9847725002855,1477.1281831421522,1448.7829179693028,1475.5695039211748,55514.0
2019-12-17 00:00:00+00:00,1474.736254925912,1490.0848085452833,1460.6549136947522,1475.6018621979697,32767.0
2019-12-18 00:00:00+00:00,1477.208899535504,1482.7229862378902,1459.9979435412315,1469.5713662730277,38090.0
2019-12-19 00:00:00+00:00,1470.2756145377086,1484.9438368541746,1459.0813324195033,1481.074241254383,57694.0
2019-12-20 00:00:00+00:00,1480.62492813846,1492.2739602331997,1463.1068530857567,1478.893708460847,39914.0
2019-12-21 00:00:00+00:00,1478.5603795704712,1484.4690037109103,1465.8051306095097,1479.5244801469275,50756.0
2019-12-22 00:00:00+00:00,1479.4782438954862,1483.1063523983617,1476.5202404022482,1479.1614278226211,24008.0
2019-12-23 00:00:00+00:00,1479.0765705537267,1494.712115747551,1472.9467520113683,1477.8523167718217,53101.0
2019-12-24 00:00:00+00:00,1477.1462455411186,1478.4175555747458,1469.8315437413542,1471.2218781188742,30870.0
2019-12-25 00:00:00+00:00,1471.1416195450574,1494.3699429282085,1459.3236184695245,1479.4646761059148,6458.0
2019-12-26 00:00:00+00:00,1478.5624973514448,1486.251222188019,1470.140140704519,1478.5403497268053,11922.0
2019-12-27 00:00:00+00:00,1478.1781344719664,1483.7909336009254,1456.415337564287,1469.4376759886104,38951.0
2019-12-28 00:00:00+00:00,1470.4703658011636,1473.471143015845,1459.460321611241,1461.9963142497024,37569.0
2019-12-29 00:00:00+00:00,1461.9566961999992,1471.4015625083443,1431.4892000313132,1447.4389328159473,25647.0
2019-12-30 00:00:00+00:00,1447.2153023822777,1461.8679039226615,1436.9702318980742,1459.0718452033746,44922.0
2019-12-31 00:00:00+00:00,1459.9717907869785,1465.536097282666,1436.0775564714095,1438.0318350407927,21121.0
2020-01-01 00:00:00+00:00,1438.2093958242012,1448.0544743825346,1427.584276402193,1433.8325729077862,48315.0
2020-01-02 00:00:00+00:00,1434.183134695216,1443.0652533966295,1429.7306633132596,1432.6237043898475,57884.0
2020-01-03 00:00:00+00:00,1432.298802155726,1443.6855627120578,1427.117765459883,1438.1937540532454,14223.0
2020-01-04 00:00:00+00:00,1438.8124386516895,1465.3712741420077,1423.090071737255,1453.1869925427427,44173.0
2020-01-05 00:00:00+00:00,1452.9956514436335,1457.8197799849927,1442.787630264901,1445.0913683269546,29526.0
2020-01-06 00:00:00+00:00,1445.5875181471793,1475.0580808931143,1438.264362419398,1467.3486611592136,56262.0
2020-01-07 00:00:00+00:00,1467.7176906693207,1470.9097787591572,1452.962105354177,1456.7608014842763,7194.0
2020-01-08 00:00:00+00:00,1457.750935436053,1461.8869297530373,1446.2838829789362,1454.384768965392,19237.0
2020-01-09 00:00:00+00:00,1454.9529605876853,1466.6606959715432,1437.2648544475069,1451.9037358343073,48654.0
2020-01-10 00:00:00+00:00,1451.8914072590626,1462.387012626147,1448.8857575708173,1460.0968826840033,6833.0
2020-01-11 00:00:00+00:00,1459.484394350613,1479.9972376343235,1439.6244631721536,1464.2156758442304,12174.0
2020-01-12 00:00:00+00:00,1464.0392661451656,1496.390742228263,1459.162804640571,1485.8656911235748,19914.0
2020-01-13 00:00:00+00:00,1485.4581469768584,1494.968793067951,1465.6948980133923,1477.868785808281,35173.0
2020-01-14 00:00:00+00:00,1478.7592149809777,1502.7117475333027,1469.0068353644356,1492.8702504874532,16198.0
2020-01-15 00:00:00+00:00,1492.6053477445346,1508.2388238605001,1459.4178295344266,1469.616714242139,41689.0
2020-01-16 00:00:00+00:00,1468.2841429930131,1474.6132254266288,1463.2524211326631,1466.0735942948806,22723.0
2020-01-17 00:00:00+00:00,1466.2926385911896,1471.441696748006,1445.3436097572096,1457.9322022728115,55854.0
2020-01-18 00:00:00+00:00,1458.3986923502123,1496.9159212411832,1446.6733571601274,1482.6191374818786,39057.0
2020-01-19 00:00:00+00:00,1482.0794592893274,1485.782628564388,1470.8210865836052,1475.4595139864218,58396.0
2020-01-20 00:00:00+00:00,1475.874511229259,1489.013572559892,1429.2270579378428,1455.2098405955876,15240.0
2020-01-21 00:00:00+00:00,1454.4469724352512,1458.902683532208,1436.0194097791507,1451.8730677049673,23733.0
2020-01-22 00:00:00+00:00,1452.0106004103416,1474.5872970095857,1444.713547616546,1456.2433173207107,34139.0
2020-01-23 00:00:00+00:00,1456.1482631448978,1487.0809612303444,1442.360740781565,1471.4386693024953,13418.0
2020-01-24 00:00:00+00:00,1471.6180081242915,1484.3410916326106,1468.78470252341,1480.2356799209913,57652.0
2020-01-25 00:00:00+00:00,1480.4803449531316,1489.5456589451055,1469.2542655192476,1482.9743693957462,7412.0
2020-01-26 00:00:00+00:00,1482.5765317086418,1494.6202345698766,1473.3752183579154,1478.946380699499,26718.0
2020-01-27 00:00:00+00:00,1479.4155836031464,1494.8561106346542,1438.9388675915486,1453.0567335024086,29167.0
2020-01-28 00:00:00+00:00,1452.7660237970595,1490.8208481186477,1441.3257791801836,1470.4685306041433,28997.0
2020-01-29 00:00:00+00:00,1470.5348233778036,1483.416955301662,1432.0539844230968,1442.3408481398467,42721.0
2020-01-30 00:00:00+00:00,1443.1489102891196,1457.5646868830368,1428.2142794884667,1443.424516880277,7506.0
2020-01-31 00:00:00+00:00,1442.8949801310216,1482.536220357959,1436.0148899273088,1469.6684659828666,47464.0
2020-02-01 00:00:00+00:00,1469.7088373790052,1482.236914021462,1448.2300996400486,1454.507835181421,20284.0
2020-02-02 00:00:00+00:00,1455.4265416240285,1499.7535682630246,1439.6165788194069,1494.347960997344,24523.0
2020-02-03 00:00:00+00:00,1495.0905076989134,1507.1205643967626,1468.0962208871272,1480.1147993752181,39418.0
2020-02-04 00:00:00+00:00,1479.712711173314,1495.0477932132976,1466.1542241097427,1483.5294867163452,55660.0
2020-02-05 00:00:00+00:00,1483.1621670664924,1489.726837801366,1471.1995499159573,1485.6182945825421,31635.0
2020-02-06 00:00:00+00:00,1485.938336497287,1503.3960660475848,1462.4052548956945,1469.0011620896087,28632.0
2020-02-07 00:00:00+00:00,1468.6170015530383,1500.5980379502432,1447.9449239746837,1478.1935641832408,39667.0
2020-02-08 00:00:00+00:00,1478.2335726282517,1496.4936226237714,1464.4102841355843,1470.5965047890754,8593.0
2020-02-09 00:00:00+00:00,1469.7967710988808,1497.4746107942765,1462.0198905891668,1487.2829141366526,20666.0
2020-02-10 00:00:00+00:00,1487.6541508065598,1495.0588601705142,1465.0283036715384,1479.1729950072588,42810.0
2020-02-11 00:00:00+00:00,1478.2274957874067,1485.5635855089147,1449.3764406317148,1455.8372294890153,51576.0
2020-02-12 00:00:00+00:00,1455.9111363081395,1493.8374126170665,1439.7284434853025,1474.3241120045636,54404.0
2020-02-13 00:00:00+00:00,1474.7308520964298,1503.247751962384,1461.8757492147035,1490.50784926911,51769.0
2020-02-14 00:00:00+00:00,1490.1086182039717,1493.8687711971095,1482.5930861286856,1488.5714187729707,29643.0
2020-02-15 00:00:00+00:00,1487.6397711881516,1502.8990554629142,1472.499396433905,1482.8997287410689,43744.0
2020-02-16 00:00:00+00:00,1482.1477608939124,1512.9229975078545,1465.9878493019035,1495.3244159422063,17078.0
2020-02-17 00:00:00+00:00,1494.183318503181,1502.5567271041264,1475.019225999587,1481.5117214570582,46229.0
2020-02-18 00:00:00+00:00,1482.5619043320437,1493.1518023160374,1438.2690181177802,1450.3055170597027,6550.0
2020-02-19 00:00:00+00:00,1449.1921555895453,1452.399947060948,1440.5046180292895,1446.8881386140538,49909.0
2020-02-20 00:00:00+00:00,1446.1435997952321,1459.408850889968,1423.1824498080234,1451.403366722602,32275.0
2020-02-21 00:00:00+00:00,1451.5888993763967,1461.9280966566791,1437.9944647371703,1451.9338639265284,36222.0
2020-02-22 00:00:00+00:00,1451.9589903085982,1457.4406395115925,1436.088747082893,1448.6226471044763,27246.0
2020-02-23 00:00:00+00:00,1449.2115062376092,1467.0598112222847,1440.349747652594,1458.8140404481414,17435.0
2020-02-24 00:00:00+00:00,1459.5739958356328,1465.5652991240793,1439.0022814652098,1449.9587461444394,31204.0
2020-02-25 00:00:00+00:00,1450.2145442799547,1455.2818272585914,1435.5121788352376,1439.2436187966491,58676.0
2020-02-26 00:00:00+00:00,1439.2032594211219,1453.5695176960485,1406.9027844102256,1424.9276720598923,26720.0
2020-02-27 00:00:00+00:00,1424.6045552299393,1465.5937967902357,1417.110033632636,1451.0712331111,26907.0
2020-02-28 00:00:00+00:00,1450.9617699839346,1467.9921448073317,1437.9176533567254,1461.396313666824,56752.0
2020-02-29 00:00:00+00:00,1461.9431533203135,1480.8348061613463,1456.078185461147,1462.8210548369107,7718.0
2020-03-01 00:00:00+00:00,1463.1735951944636,1473.961865043851,1454.7732753979808,1468.6980015083452,9976.0
2020-03-02 00:00:00+00:00,1469.0602928902488,1481.0858310190595,1461.2689336794888,1465.56353229051,18895.0
2020-03-03 00:00:00+00:00,1464.580591606604,1468.0499926307136,1443.8911000216353,1451.0433543270112,27407.0
2020-03-04 00:00:00+00:00,1450.5972900753377,1455.6607348710672,1429.4422204784148,1440.5329273653556,31250.0
2020-03-05 00:00:00+00:00,1440.1348150147633,1446.9576682355175,1424.0276609896841,1433.9888293867134,13638.0
2020-03-06 00:00:00+00:00,1433.6749265114613,1453.5040674167133,1419.9726088484763,1441.054391480505,35181.0
2020-03-07 00:00:00+00:00,1440.4423653197714,1456.5299929354026,1434.2043669568982,1447.9662804391555,34448.0
2020-03-08 00:00:00+00:00,1448.3560499429254,1450.2967999670204,1435.7839313751147,1440.4200290437684,43174.0
2020-03-09 00:00:00+00:00,1441.0253404291066,1443.6592119063246,1421.4305489970354,1432.098943509882,28713.0
2020-03-10 00:00:00+00:00,1433.1339839022432,1436.5347374176097,1418.6462398704725,1422.7472265036497,30086.0
2020-03-11 00:00:00+00:00,1422.4459508103068,1431.5630695669904,1418.1812830374122,1425.9563130918875,53275.0
2020-03-12 00:00:00+00:00,1425.8957938146666,1444.3805324377704,1422.9738935717278,1433.6034502942352,55087.0
2020-03-13 00:00:00+00:00,1433.6538031923667,1456.2897422449387,1416.5719381796991,1446.0481249743195,57688.0
2020-03-14 00:00:00+00:00,1446.0404982850887,1458.5203960671997,1439.4508376866245,1451.2865628826457,53329.0
2020-03-15 00:00:00+00:00,1450.7978305367244,1463.6211930773807,1448.6306170562439,1462.4377589130243,5618.0
2020-03-16 00:00:00+00:00,1462.9006905541796,1470.6961978746722,1459.1744791393926,1466.1475205529355,24009.0
2020-03-17 00:00:00+00:00,1464.9615575314403,1480.2957140905312,1459.0894440496313,1469.2650389043179,8896.0
2020-03-18 00:00:00+00:00,1468.9797713578762,1476.1171549392882,1462.0325342240071,1471.5977849389078,47206.0
2020-03-19 00:00:00+00:00,1470.47599021207,1488.53911126731,1459.795071603544,1477.1450638936756,53432.0
2020-03-20 00:00:00+00:00,1477.5123889770362,1482.6758955196135,1468.3699102411863,1476.0583346838412,46334.0
2020-03-21 00:00:00+00:00,1475.2347130189578,1481.0140683496288,1448.5253421800753,1463.409292564103,42543.0
2020-03-22 00:00:00+00:00,1462.7304761206474,1481.8390577439525,1459.3565440915072,1473.9342143603767,22639.0
2020-03-23 00:00:00+00:00,1473.9230922937716,1484.8837317597688,1462.8126433344735,1474.5134430226071,42354.0
2020-03-24 00:00:00+00:00,1473.8965461978185,1492.0841920620373,1466.582211219597,1478.8863365396091,59648.0
2020-03-25 00:00:00+00:00,1479.030666547008,1490.250189337456,1467.0572631777216,1474.8896700885755,6617.0
2020-03-26 00:00:00+00:00,1474.6580281424103,1484.2590519891228,1462.1458793814852,1465.9291397720722,29425.0
2020-03-27 00:00:00+00:00,1467.074916531359,1474.2971611069092,1460.5164733728525,1471.1859093557268,41627.0
2020-03-28 00:00:00+00:00,1470.4660212880192,1484.5217220468942,1463.1901618833974,1473.3374496431013,36994.0
2020-03-29 00:00:00+00:00,1472.8533086602263,1524.2989453867624,1464.037845476932,1515.0002351759435,52393.0
2020-03-30 00:00:00+00:00,1515.3429165235766,1548.0559094139965,1506.7228529713807,1528.6320126272437,10221.0
2020-03-31 00:00:00+00:00,1528.701622929029,1565.5469512256448,1522.9219395333148,1552.546039104165,14974.0
2020-04-01 00:00:00+00:00,1552.8205417154254,1573.913103390294,1533.9456860871337,1560.7101918158403,12298.0
2020-04-02 00:00:00+00:00,1560.5259031886596,1588.1625471899588,1554.0338785502504,1575.369509157281,39969.0
2020-04-03 00:00:00+00:00,1575.9645280856978,1595.808230365184,1571.0613985440564,1583.8563252877805,32509.0
2020-04-04 00:00:00+00:00,1584.0737786921557,1590.9743739856178,1574.1021278815972,1578.045248555194,41945.0
2020-04-05 00:00:00+00:00,1578.8770253900245,1609.7675622202382,1557.748640644261,1588.1050795837577,33670.0
2020-04-06 00:00:00+00:00,1587.2415886025715,1590.747349508341,1565.234898586944,1573.8892920533817,40756.0
2020-04-07 00:00:00+00:00,1574.046799636384,1579.9762350282933,1538.921285911937,1549.6970859965277,50728.0
2020-04-08 00:00:00+00:00,1549.5566453439928,1596.9335094484434,1543.6301431447662,1583.1270874890795,13862.0
2020-04-09 00:00:00+00:00,1583.3783492033529,1603.7715185262555,1575.7171912899078,1599.7094734793811,52545.0
2020-04-10 00:00:00+00:00,1599.1052289141542,1602.5790478336974,1593.4079062259243,1597.2528215856462,48099.0
2020-04-11 00:00:00+00:00,1597.7689076846723,1601.3780731805373,1548.7066201260343,1559.9490397973088,7712.0
2020-04-12 00:00:00+00:00,1559.1150117131708,1589.5662183651336,1545.4209690638313,1552.5867390627725,32443.0
2020-04-13 00:00:00+00:00,1553.1362735678142,1573.9515883906333,1537.9148994756172,1560.9334571320403,8299.0
2020-04-14 00:00:00+00:00,1561.2740169830597,1574.8657120988055,1547.8067754892327,1555.445287134913,27900.0
2020-04-15 00:00:00+00:00,1554.3222361287371,1581.2402079684643,1476.0698441755226,1488.3959163709824,24979.0
2020-04-16 00:00:00+00:00,1488.6316697198552,1509.9193273012365,1474.642513563844,1488.6465495116324,18072.0
2020-04-17 00:00:00+00:00,1487.4895640676275,1560.4916047394106,1463.4480030473014,1547.7147292311824,49748.0
2020-04-18 00:00:00+00:00,1548.0633707825375,1562.6147624980892,1509.1115695867998,1542.4687983393353,50955.0
2020-04-19 00:00:00+00:00,1541.4769840960173,1577.4028271230102,1531.7011613180234,1566.4806230914785,26460.0
2020-04-20 00:00:00+00:00,1566.435143776928,1588.5221473704064,1536.9239270252986,1552.5658589241539,43146.0
2020-04-21 00:00:00+00:00,1552.3968806911128,1556.9623026519062,1525.7500732137767,1534.7770803005026,14008.0
2020-04-22 00:00:00+00:00,1533.776659272608,1579.3684567029536,1515.8219935705383,1573.3171636199609,31982.0
2020-04-23 00:00:00+00:00,1572.1472859042244,1610.235728552453,1531.7260755870038,1557.3151867113902,10307.0
2020-04-24 00:00:00+00:00,1557.6263373768284,1592.8275786416912,1533.9661221959482,1571.073086082438,8511.0
2020-04-25 00:00:00+00:00,1570.7683642682014,1595.8902327645978,1550.6924571220031,1583.6933545467923,46160.0
2020-04-26 00:00:00+00:00,1584.3822728261534,1608.5377736312003,1576.94878493869,1598.418223632004,16740.0
2020-04-27 00:00:00+00:00,1598.387044450727,1612.7440714163945,1588.7624300621953,1607.605238787261,31421.0
2020-04-28 00:00:00+00:00,1609.378859693058,1613.9318872366098,1587.4142425441441,1596.5757354097755,53304.0
2020-04-29 00:00:00+00:00,1596.6880167483107,1623.6749827147742,1570.6734439887184,1590.6750845250635,38968.0
2020-04-30 00:00:00+00:00,1591.8005022781977,1639.3194568172971,1557.896603202686,1568.5615928043117,30649.0
2020-05-01 00:00:00+00:00,1568.7825972559503,1594.721675384742,1552.9719940867717,1584.309511292384,55721.0
2020-05-02 00:00:00+00:00,1584.3646925183318,1604.250066004734,1536.3550134445375,1570.63045380337,48396.0
2020-05-03 00:00:00+00:00,1570.9728402829876,1599.3309190394727,1534.6304054532973,1582.5951313234684,39190.0
2020-05-04 00:00:00+00:00,1582.1177144817839,1597.7063924825156,1552.149404360882,1558.624684048998,15568.0
2020-05-05 00:00:00+00:00,1558.223950197439,1573.2359568553961,1518.216737936725,1534.9891554613857,11971.0
2020-05-06 00:00:00+00:00,1536.0105078173067,1578.3546201750707,1519.528285964419,1543.9965686071112,54141.0
2020-05-07 00:00:00+00:00,1543.8821113953225,1589.7160103133924,1520.756861251376,1561.5368925842583,24936.0
2020-05-08 00:00:00+00:00,1560.8209721097721,1572.5131244275165,1547.617371941811,1558.7091083150372,45827.0
2020-05-09 00:00:00+00:00,1559.0338700279592,1572.189576608516,1506.7168294877906,1525.9162308348587,46770.0
2020-05-10 00:00:00+00:00,1525.40939928728,1554.3314418805246,1513.5586685136159,1531.0105083224623,18289.0
2020-05-11 00:00:00+00:00,1531.0653921688006,1568.5046821860412,1511.161825844798,1541.8951501275176,5166.0
2020-05-12 00:00:00+00:00,1542.6050580985611,1548.5899433888592,1533.5979998797936,1544.3801862391838,57610.0
2020-05-13 00:00:00+00:00,1545.1895296500231,1551.9854499115495,1518.1785529776967,1530.1605523255291,55909.0
2020-05-14 00:00:00+00:00,1531.2876679348776,1589.9038455025682,1524.5367962075022,1583.216023896334,22640.0
2020-05-15 00:00:00+00:00,1583.9708977978685,1630.2241790722517,1573.365312703495,1620.1838576409818,55833.0
2020-05-16 00:00:00+00:00,1620.6224682150016,1638.2950980918874,1616.4818054655657,1632.0973149433144,21128.0
2020-05-17 00:00:00+00:00,1632.4688950763061,1639.3845911404942,1608.6399051858505,1616.2607697973535,16656.0
2020-05-18 00:00:00+00:00,1616.4679356579254,1635.9830359670214,1583.8500191066496,1595.688062724511,20029.0
2020-05-19 00:00:00+00:00,1595.6789479937113,1615.554296091559,1586.3227905132633,1594.4416129870501,59635.0
2020-05-20 00:00:00+00:00,1595.9118690497623,1603.3651189783884,1552.427722648779,1577.3004684478838,17289.0
2020-05-21 00:00:00+00:00,1577.2690449331124,1585.0560990430454,1559.0111770367878,1564.4440817915392,36232.0
2020-05-22 00:00:00+00:00,1565.5125202867519,1581.1885549249375,1552.3657075040085,1564.2621952314482,41095.0
2020-05-23 00:00:00+00:00,1564.2067682712625,1591.8690733164312,1552.6187743960768,1581.7547879860408,15971.0
2020-05-24 00:00:00+00:00,1582.5444215489115,1591.0891821461764,1548.7849858596394,1561.0953213953155,43028.0
2020-05-25 00:00:00+00:00,1559.333990034775,1575.1660589228713,1555.0130781583318,1570.9977179232678,43873.0
2020-05-26 00:00:00+00:00,1571.1155351519433,1586.744441081933,1544.73859696757,1560.3432586896295,13808.0
2020-05-27 00:00:00+00:00,1559.9741808241138,1579.4231747972042,1552.9425987804827,1560.4537959124182,43746.0
2020-05-28 00:00:00+00:00,1561.4627223714958,1572.243259897114,1557.5417222688477,1563.8283112706104,52304.0
2020-05-29 00:00:00+00:00,1564.7959979436723,1581.0220092551888,1541.2896223157877,1556.566907471442,42410.0
2020-05-30 00:00:00+00:00,1556.2012718118813,1569.6151785768639,1544.3718098523423,1556.7879311546178,41298.0
2020-05-31 00:00:00+00:00,1556.7667436529468,1560.1424320750548,1537.2124367458175,1543.1168738804156,54536.0
2020-06-01 00:00:00+00:00,1543.7187592516618,1551.0694668907042,1520.7171218617482,1526.960374031172,9691.0
2020-06-02 00:00:00+00:00,1527.1754120611708,1536.509287980367,1496.800495146093,1514.5861552542704,50669.0
2020-06-03 00:00:00+00:00,1514.6764651194167,1523.3770070627334,1482.1920473650803,1489.5394488134555,7963.0
2020-06-04 00:00:00+00:00,1490.1551315108968,1516.2455179655735,1469.593204572228,1496.9606756281642,9033.0
2020-06-05 00:00:00+00:00,1496.207321774284,1503.641480105666,1484.0518422148496,1486.4794479600728,25547.0
2020-06-06 00:00:00+00:00,1487.4758546663531,1503.5203284326662,1478.54005393149,1488.98592084545,20418.0
2020-06-07 00:00:00+00:00,1489.2910312428742,1512.9955843825908,1464.126560567239,1499.1840329435556,28805.0
2020-06-08 00:00:00+00:00,1497.4877006658112,1526.9363603345193,1487.1614514869423,1514.4855214631698,39003.0
2020-06-09 00:00:00+00:00,1513.9702257641886,1535.984604939704,1499.0481529228293,1505.4726096465413,40064.0
2020-06-10 00:00:00+00:00,1505.4654911199732,1514.4705414361624,1477.9184738122476,1487.2147699970271,27642.0
2020-06-11 00:00:00+00:00,1488.612628508748,1494.008761456754,1478.6426725949404,1480.787504559266,55322.0
2020-06-12 00:00:00+00:00,1480.8257963008582,1490.2599439990192,1475.5206851013193,1483.5324858493434,29315.0
2020-06-13 00:00:00+00:00,1482.6810712022966,1493.11136070425,1469.682557228035,1480.8409234889748,27304.0
2020-06-14 00:00:00+00:00,1481.698197330285,1503.779688203033,1466.9173720593958,1480.296258091902,19435.0
2020-06-15 00:00:00+00:00,1480.5813250752324,1499.8815222705275,1476.5566551381294,1493.7901363703431,10942.0
2020-06-16 00:00:00+00:00,1493.8369954025088,1513.8943476251281,1449.9801413356874,1474.0759528192177,31945.0
2020-06-17 00:00:00+00:00,1474.747617461274,1498.8931812832107,1469.9026979402863,1487.5523358928192,6611.0
2020-06-18 00:00:00+00:00,1487.3738869322597,1500.194902410105,1476.3851811975992,1485.6767364886828,6049.0
2020-06-19 00:00:00+00:00,1485.6636845867163,1511.5300487304967,1481.2353770734258,1494.3952648145976,39543.0
2020-06-20 00:00:00+00:00,1495.0529839262356,1512.7318957506855,1471.6712797498694,1485.605572885399,28968.0
2020-06-21 00:00:00+00:00,1485.9266451344772,1500.6468511804337,1475.18667324462,1493.9319408294211,56965.0
2020-06-22 00:00:00+00:00,1494.5741610680802,1500.4531811792226,1465.6723837973316,1470.3215501039624,54399.0
2020-06-23 00:00:00+00:00,1470.164353466105,1485.38077748424,1459.549248543162,1464.8626460099367,47822.0
2020-06-24 00:00:00+00:00,1465.9130709783321,1479.6723400163125,1460.867715311771,1475.258778451929,22033.0
2020-06-25 00:00:00+00:00,1474.4794391420623,1478.4269226938477,1464.7955494072803,1470.8633242083572,20696.0
2020-06-26 00:00:00+00:00,1470.1149697931003,1482.6249256462747,1444.3119072890286,1450.2578230219278,49296.0
2020-06-27 00:00:00+00:00,1450.6134961169253,1453.0278646904858,1446.6162423884102,1448.7568603666587,40579.0
2020-06-28 00:00:00+00:00,1448.6413393783832,1455.122618367977,1445.3697039655467,1449.0090279220547,9749.0
2020-06-29 00:00:00+00:00,1449.1909267712153,1471.306129080039,1440.3020532494972,1460.5012739803838,50885.0
2020-06-30 00:00:00+00:00,1460.5897701246688,1462.7925133531105,1451.9024355082822,1455.5190969514993,51756.0
2020-07-01 00:00:00+00:00,1455.4954313001322,1462.803195176917,1453.8132006228964,1459.3477733488414,58269.0
2020-07-02 00:00:00+00:00,1458.79368697511,1463.9752372556318,1447.7282379251985,1450.6316319147024,21046.0
2020-07-03 00:00:00+00:00,1450.8776111415177,1466.7484546423138,1442.6258638202307,1459.1386790758263,42423.0
2020-07-04 00:00:00+00:00,1459.9742345989532,1463.4995532924856,1445.0401598417604,1448.3831275551725,41025.0
2020-07-05 00:00:00+00:00,1447.9648624255228,1462.812044702571,1421.203120398301,1426.5745820359805,28610.0
2020-07-06 00:00:00+00:00,1427.7247951025831,1439.3820203570147,1425.537285087594,1436.0848064734882,34687.0
2020-07-07 00:00:00+00:00,1437.057511922865,1439.6014053870222,1415.726655220488,1419.399725649048,26673.0
2020-07-08 00:00:00+00:00,1418.9884011341903,1423.0363291737763,1409.0431532323498,1412.735373997511,45731.0
2020-07-09 00:00:00+00:00,1413.261227364,1420.0649609799257,1396.4150299850942,1407.6993951672462,41079.0
2020-07-10 00:00:00+00:00,1407.1505488229832,1420.245842931322,1401.8234649840545,1418.631856698749,28094.0
2020-07-11 00:00:00+00:00,1418.6316096538885,1422.943134336062,1415.6372219399568,1421.7031469352698,11950.0
2020-07-12 00:00:00+00:00,1421.1505568053558,1441.5665010934645,1419.0885409130344,1434.5913684631707,27956.0
2020-07-13 00:00:00+00:00,1434.355316242714,1438.2809044523112,1416.2834929525952,1428.8977161212895,10513.0
2020-07-14 00:00:00+00:00,1427.906684814048,1430.683111120586,1420.3490965842138,1427.2915749327958,19093.0
2020-07-15 00:00:00+00:00,1427.273580323469,1431.3771251472033,1418.3273384413042,1423.5162609481836,24496.0
2020-07-16 00:00:00+00:00,1422.990106754128,1459.997823759578,1421.632814437963,1456.3715802470354,27246.0
2020-07-17 00:00:00+00:00,1455.9230611801836,1463.9869449623986,1447.827271795359,1450.7707124463545,26969.0
2020-07-18 00:00:00+00:00,1449.6973457923568,1462.5091323261945,1438.1659029520424,1456.3850200964987,53691.0
2020-07-19 00:00:00+00:00,1456.4810336890139,1468.1450739034146,1440.7019766133874,1454.9817682025837,40808.0
2020-07-20 00:00:00+00:00,1456.1636491635477,1460.9140467600448,1452.5080232927446,1457.786393782043,33741.0
2020-07-21 00:00:00+00:00,1457.646660939049,1473.8588622248965,1456.2686453262897,1471.417881094776,17973.0
2020-07-22 00:00:00+00:00,1471.402162167186,1481.4152478589194,1440.3414549369552,1452.743626679924,34290.0
2020-07-23 00:00:00+00:00,1452.1539508163282,1457.643400521417,1445.0430569307139,1450.8217042379067,24119.0
2020-07-24 00:00:00+00:00,1450.6205869841792,1453.5590507657546,1436.9090690433889,1442.0045842415368,58886.0
2020-07-25 00:00:00+00:00,1441.5821052308813,1451.1410694244137,1435.2041925031615,1440.7407036460284,20337.0
2020-07-26 00:00:00+00:00,1439.9116152442484,1442.1337107894617,1426.3330981626914,1434.7569619181807,35949.0
2020-07-27 00:00:00+00:00,1434.3151173287008,1439.7900567595048,1425.499586987124,1427.938680857154,41905.0
2020-07-28 00:00:00+00:00,1427.7129350508987,1429.3809095847494,1422.081497653404,1427.2967944536492,38077.0
2020-07-29 00:00:00+00:00,1427.544077127751,1428.4808243083435,1421.8778294098731,1424.2455248035046,32657.0
2020-07-30 00:00:00+00:00,1424.1205021815997,1432.652875660552,1416.0960249473906,1429.415561385524,49290.0
2020-07-31 00:00:00+00:00,1429.6433897185027,1438.3010202429525,1423.878068036579,1434.7022617745886,20945.0
2020-08-01 00:00:00+00:00,1435.51285668002,1443.8084735111731,1430.9390935144927,1437.8651458780846,21854.0
2020-08-02 00:00:00+00:00,1438.4641443635307,1445.406285209066,1432.900818802626,1438.1464610515352,17420.0
2020-08-03 00:00:00+00:00,1437.9709981726799,1445.692932688445,1423.8791927683378,1431.1808099694156,56720.0
2020-08-04 00:00:00+00:00,1430.232374658906,1437.5038243691765,1426.9228266704913,1432.3825681672286,56076.0
2020-08-05 00:00:00+00:00,1432.3385758841014,1439.8436909338182,1422.2488914192777,1436.4699381096307,40577.0
2020-08-06 00:00:00+00:00,1436.5808010955725,1439.0740675628188,1428.660861033022,1429.915948077987,53625.0
2020-08-07 00:00:00+00:00,1430.5490472420593,1446.242483612328,1422.9163451033273,1439.920112657697,27713.0
2020-08-08 00:00:00+00:00,1440.0635047597889,1447.0481632914975,1430.9756156654553,1434.0960576833252,34136.0
2020-08-09 00:00:00+00:00,1435.7571962292136,1445.9896674450524,1425.26188326444,1439.2807790422141,58712.0
2020-08-10 00:00:00+00:00,1439.1558842160352,1441.693808892529,1429.2173606535653,1437.1711953958386,40567.0
2020-08-11 00:00:00+00:00,1437.6115900159853,1445.2277604060741,1434.86118947236,1441.542284509367,55634.0
2020-08-12 00:00:00+00:00,1441.075423819365,1449.7124223831968,1429.9173357051998,1439.4437071494176,32842.0
2020-08-13 00:00:00+00:00,1438.924778422642,1449.1465457794975,1421.8362828246977,1424.663749194552,16994.0
2020-08-14 00:00:00+00:00,1424.5523786146439,1428.634486760092,1414.621109990939,1418.0339095915763,51718.0
2020-08-15 00:00:00+00:00,1418.206920549211,1431.2099485700112,1414.1381794571535,1424.2608342747997,39798.0
2020-08-16 00:00:00+00:00,1424.7112316357388,1439.0091943561383,1417.8886122284155,1429.3670007177946,47777.0
2020-08-17 00:00:00+00:00,1427.621704468643,1435.4900189409561,1405.1483622989224,1411.4899543325225,33229.0
2020-08-18 00:00:00+00:00,1412.181236674775,1424.779073880894,1401.6514559429752,1420.2804622307294,12903.0
2020-08-19 00:00:00+00:00,1421.1873213045305,1425.304051968763,1416.8806896522403,1421.0597694721503,5013.0
2020-08-20 00:00:00+00:00,1421.8847699291086,1426.1253811317326,1399.4976549225428,1413.9831494723048,37743.0
2020-08-21 00:00:00+00:00,1414.5188548642166,1424.1164720917238,1389.4219847852903,1400.7665517349226,29097.0
2020-08-22 00:00:00+00:00,1400.7505108945988,1413.2334743524202,1386.8293134303426,1402.6197429330666,22197.0
2020-08-23 00:00:00+00:00,1402.9863448721615,1417.6032655887518,1393.875404834862,1411.3607623284634,43060.0
2020-08-24 00:00:00+00:00,1412.1423636993552,1423.1535196348948,1376.3451543790281,1385.8907400512553,15086.0
2020-08-25 00:00:00+00:00,1385.4029628279732,1389.9788320985667,1377.8305187259289,1382.5165529271756,48072.0
2020-08-26 00:00:00+00:00,1382.9386648365144,1395.9048274994996,1379.1832447337802,1387.919915366831,15178.0
2020-08-27 00:00:00+00:00,1388.2515991437401,1394.1447235241694,1384.4576636086724,1388.9464567241694,56441.0
2020-08-28 00:00:00+00:00,1388.9197158754055,1402.6382465737677,1382.5997614991127,1390.2944972264902,7073.0
2020-08-29 00:00:00+00:00,1391.3427843686243,1404.966420465227,1377.8884608168664,1386.082129800484,33469.0
2020-08-30 00:00:00+00:00,1385.7453601351742,1399.6641683452199,1378.3058712142229,1384.8488363960084,22892.0
2020-08-31 00:00:00+00:00,1384.3541300295446,1392.9686806974762,1378.0428227846226,1386.0395785022552,16707.0
2020-09-01 00:00:00+00:00,1386.0623576558396,1390.72972053132,1358.0884732475367,1368.8865325163322,48511.0
2020-09-02 00:00:00+00:00,1368.589307202881,1374.5343362571662,1353.6356648289784,1360.1109255898868,40034.0
2020-09-03 00:00:00+00:00,1360.8865240282728,1366.7117329452647,1353.9987603805075,1356.9042183131035,45557.0
2020-09-04 00:00:00+00:00,1356.0472601770396,1379.8950043767704,1348.6896721357011,1372.279893050922,20123.0
2020-09-05 00:00:00+00:00,1371.6055623061209,1383.4884495387307,1352.195642354779,1371.2726809152716,20933.0
2020-09-06 00:00:00+00:00,1371.4886623990144,1377.1527145504142,1344.6139389614775,1347.7258663266866,22281.0
2020-09-07 00:00:00+00:00,1348.1722905746833,1363.5953747550843,1343.903817376261,1355.9380169656733,22930.0
2020-09-08 00:00:00+00:00,1355.3378247934875,1376.082697530653,1350.4328382804913,1367.3513061559024,10595.0
2020-09-09 00:00:00+00:00,1368.1063387147144,1376.047676088868,1361.9355290636972,1370.338127072501,25674.0
2020-09-10 00:00:00+00:00,1369.328827589798,1378.6404127997916,1357.8731680056915,1367.389932147407,38348.0
2020-09-11 00:00:00+00:00,1367.9954883359062,1389.3356977732083,1360.312949182443,1374.517134253171,35683.0
2020-09-12 00:00:00+00:00,1374.0695054955763,1385.388502669038,1360.3858815477092,1365.2520568383363,12072.0
2020-09-13 00:00:00+00:00,1365.0337006354812,1385.8921878617991,1360.6132372268341,1374.4732679340254,42951.0
2020-09-14 00:00:00+00:00,1375.502961424382,1398.2731211689286,1374.2268215230335,1397.2136750703426,59580.0
2020-09-15 00:00:00+00:00,1397.218885124838,1404.0688323456109,1380.1239589115028,1390.9787872754193,38561.0
2020-09-16 00:00:00+00:00,1390.659101766246,1395.6757576646337,1380.7789069296782,1383.8925022696947,48125.0
2020-09-17 00:00:00+00:00,1384.063958454029,1386.96955165885,1378.0674800723684,1382.223760758623,12012.0
2020-09-18 00:00:00+00:00,1383.3058036044624,1394.2446615101715,1378.8552309644128,1392.8195096463921,47792.0
2020-09-19 00:00:00+00:00,1392.8947881184838,1398.18381114748,1377.454527670488,1379.6021280144957,13491.0
2020-09-20 00:00:00+00:00,1379.2131761093997,1390.9002948082996,1377.1644052780262,1383.4330731622788,46512.0
2020-09-21 00:00:00+00:00,1383.584370300157,1385.3722139991664,1376.9346087480021,1380.0307684094444,32143.0
2020-09-22 00:00:00+00:00,1379.382323085655,1389.855260970109,1364.526768689124,1377.8205661082752,15032.0
2020-09-23 00:00:00+00:00,1377.4768706885347,1381.2199097294242,1366.9791947993351,1370.221999008489,40201.0
2020-09-24 00:00:00+00:00,1369.944954283368,1386.784942745467,1346.212690156506,1356.3767328430374,8129.0
2020-09-25 00:00:00+00:00,1356.7609355213458,1366.1168796438633,1351.443357379601,1355.3658611767578,44954.0
2020-09-26 00:00:00+00:00,1355.134433996675,1359.614860282239,1350.0704098177603,1357.3311457303323,42815.0
2020-09-27 00:00:00+00:00,1357.6248734903731,1361.6013795261615,1341.1081909032484,1346.1096135948092,36527.0
2020-09-28 00:00:00+00:00,1346.761211873436,1357.4530681769863,1336.601971628181,1346.5075156467037,21302.0
2020-09-29 00:00:00+00:00,1347.3888064451478,1350.4299545698527,1338.7398132735543,1346.4824629095433,24745.0
2020-09-30 00:00:00+00:00,1345.6043558367046,1364.935972660113,1344.6819989550374,1361.1766919541187,41097.0
2020-10-01 00:00:00+00:00,1361.1787082389324,1368.9669737272163,1358.5300362176943,1363.2716627007171,54061.0
2020-10-02 00:00:00+00:00,1362.6750243052397,1373.6420901226736,1361.373504306614,1372.278824227455,39602.0
2020-10-03 00:00:00+00:00,1372.6613245902668,1380.6548270458645,1355.331430245185,1360.3316305232722,43036.0
2020-10-04 00:00:00+00:00,1360.4981821483286,1365.8033256438648,1356.8411228031996,1363.3638445250735,40789.0
2020-10-05 00:00:00+00:00,1363.3886291605163,1370.4439145852343,1360.1031742338037,1366.258886113042,52770.0
2020-10-06 00:00:00+00:00,1365.9992004143521,1369.1059705697592,1364.9985638408293,1367.0578314241307,21660.0
2020-10-07 00:00:00+00:00,1366.56023341517,1377.063607051731,1363.7502219772675,1366.3736324134413,27145.0
2020-10-08 00:00:00+00:00,1365.4795258166125,1372.710813808121,1352.7889414539252,1355.4673963815637,57849.0
2020-10-09 00:00:00+00:00,1356.0199139407225,1363.5828881914313,1353.6244317022185,1361.7340465641787,36909.0
2020-10-10 00:00:00+00:00,1361.6546664652844,1363.6920348023875,1330.281929861548,1335.4703667581196,59387.0
2020-10-11 00:00:00+00:00,1335.5158458966841,1341.3627200887597,1331.4076935677517,1336.0216142201584,37541.0
2020-10-12 00:00:00+00:00,1336.220981937924,1347.6144906442269,1324.5746435819844,1335.948125009809,28449.0
2020-10-13 00:00:00+00:00,1336.398732918512,1344.6755251175578,1333.3138608095637,1343.1821863017915,48097.0
2020-10-14 00:00:00+00:00,1344.2222974207696,1354.5675846807467,1332.084203489657,1340.4199148301502,24950.0
2020-10-15 00:00:00+00:00,1340.3526398480535,1347.3488124043972,1331.1760215229992,1337.5415763318588,46785.0
2020-10-16 00:00:00+00:00,1337.918980446494,1341.4893330760453,1329.3418653299643,1333.1452388412156,18903.0
2020-10-17 00:00:00+00:00,1332.302866272958,1336.1932393965178,1330.4718644825632,1333.5518845887004,21363.0
2020-10-18 00:00:00+00:00,1333.370523588728,1346.1856503534789,1325.2878402087686,1341.3037855486966,33066.0
2020-10-19 00:00:00+00:00,1340.952195614434,1347.196856052561,1334.8709291671107,1343.1754349504713,16511.0
2020-10-20 00:00:00+00:00,1342.866931366565,1344.5761062495433,1321.6556209865546,1325.7209588049288,26530.0
2020-10-21 00:00:00+00:00,1326.3610962245425,1336.2980239599747,1309.7700130606513,1313.9547412085794,25588.0
2020-10-22 00:00:00+00:00,1314.0387689105553,1318.5820213811226,1308.7410184641246,1315.3514700957492,53073.0
2020-10-23 00:00:00+00:00,1315.4132301035725,1319.7772125239221,1308.0484529163718,1315.4405468130176,19076.0
2020-10-24 00:00:00+00:00,1315.508930380737,1326.4558639302925,1313.3434091554611,1321.8157659369886,23952.0
2020-10-25 00:00:00+00:00,1321.7251977363783,1335.2588288921022,1313.63952413009,1327.2628922093152,59316.0
2020-10-26 00:00:00+00:00,1327.1738720261394,1328.2833344669211,1318.9633745911524,1321.1416372524511,55295.0
2020-10-27 00:00:00+00:00,1320.82855694114,1325.3731612761335,1306.7089815813133,1314.0404525287368,55116.0
2020-10-28 00:00:00+00:00,1313.7867152874132,1326.4842557055094,1307.5112497183288,1322.3972486616012,41890.0
2020-10-29 00:00:00+00:00,1322.1985668175748,1342.201475637638,1314.745244514799,1331.1857283708903,45296.0
2020-10-30 00:00:00+00:00,1331.1164430075446,1338.1746586043423,1322.3826030563805,1333.7603929069787,23956.0
2020-10-31 00:00:00+00:00,1332.7922073415662,1338.291635854677,1322.1920526136746,1327.4682229289551,32747.0
2020-11-01 00:00:00+00:00,1327.5307729038498,1329.792651239887,1312.0865494489356,1317.1538698247616,41889.0
2020-11-02 00:00:00+00:00,1317.1611365860283,1346.358921199625,1312.2090628812464,1336.7322332118317,53206.0
2020-11-03 00:00:00+00:00,1336.980785212416,1344.9022072831715,1318.592790054789,1323.6319243005719,11430.0
2020-11-04 00:00:00+00:00,1323.0704462275469,1331.9904321476026,1313.1300430727654,1322.4731763581913,19919.0
2020-11-05 00:00:00+00:00,1322.008020797904,1330.1680955168586,1309.5453363665456,1323.8924848513748,54514.0
2020-11-06 00:00:00+00:00,1324.340379266583,1329.1019074244239,1322.4367178249756,1326.523969073886,55464.0
2020-11-07 00:00:00+00:00,1326.1699742855312,1332.62089114944,1319.6965208530169,1330.541882058737,38799.0
2020-11-08 00:00:00+00:00,1330.8213940476014,1351.1723760700434,1327.8650342632427,1343.1128866978042,57768.0
2020-11-09 00:00:00+00:00,1342.7787782634716,1349.0878307485343,1335.1175757751994,1346.418552930937,49683.0
2020-11-10 00:00:00+00:00,1345.8023126105809,1347.9492363913441,1342.5294112778533,1346.2207780414444,9009.0
2020-11-11 00:00:00+00:00,1345.466734827727,1355.3213205976786,1334.3155330473,1341.0835217652345,20812.0
2020-11-12 00:00:00+00:00,1340.7841544648777,1349.49629157124,1334.7251185350465,1340.989264097627,37391.0
2020-11-13 00:00:00+00:00,1340.7635304132773,1342.0615840526168,1333.7364337165056,1337.6100821430873,37399.0
2020-11-14 00:00:00+00:00,1336.9843760291008,1340.6919425084207,1328.2886148343962,1331.742406583814,59014.0
2020-11-15 00:00:00+00:00,1332.518716746467,1339.5143280421394,1323.4290505627455,1335.5312197382568,15808.0
2020-11-16 00:00:00+00:00,1335.5679376363391,1347.7407428549022,1330.5888511999867,1343.1469045154952,25521.0
2020-11-17 00:00:00+00:00,1342.6990749799784,1351.5094209192068,1323.9156107361162,1330.9684993155,11366.0
2020-11-18 00:00:00+00:00,1331.78314417947,1333.6460514870985,1320.9693076048727,1324.1891641098346,37029.0
2020-11-19 00:00:00+00:00,1324.6482839448304,1332.5656248165242,1321.2393039005121,1327.61294686986,13325.0
2020-11-20 00:00:00+00:00,1327.2389715900006,1332.7750261821664,1317.0865263753228,1320.833028780819,22200.0
2020-11-21 00:00:00+00:00,1320.320815241839,1325.7224971362366,1313.5690210200942,1316.0764212593167,28523.0
2020-11-22 00:00:00+00:00,1316.0048669920911,1330.5788316189214,1308.3435940123993,1326.3615088328495,53131.0
2020-11-23 00:00:00+00:00,1326.7699794492303,1337.8096129039525,1315.6386614044814,1322.5801421805581,43181.0
2020-11-24 00:00:00+00:00,1321.8699734754543,1326.375216074073,1297.6893976375127,1305.2789289649597,13840.0
2020-11-25 00:00:00+00:00,1305.9003641798513,1326.9850758478171,1292.450866524136,1321.5114168026264,45550.0
2020-11-26 00:00:00+00:00,1321.336040660786,1323.2314229247736,1314.0018994208551,1316.1574131400753,10752.0
2020-11-27 00:00:00+00:00,1316.619392448216,1332.3899543455532,1310.564781218703,1323.7570446236473,16724.0
2020-11-28 00:00:00+00:00,1323.7102400103813,1345.2613058009931,1321.1603248211495,1342.9916281387302,49448.0
2020-11-29 00:00:00+00:00,1343.2780005913505,1357.6514157817342,1337.6845312129096,1355.1153539484594,44974.0
2020-11-30 00:00:00+00:00,1355.4876381733,1365.898396250161,1344.2302490192137,1358.5182506838041,23015.0
2020-12-01 00:00:00+00:00,1359.241806463944,1365.9121479598223,1351.5086025045548,1363.0561148897125,28707.0
2020-12-02 00:00:00+00:00,1362.700180908129,1365.8958789157764,1349.5588368649119,1355.6971402458348,32812.0
2020-12-03 00:00:00+00:00,1356.7430099568178,1363.6271405679963,1347.963810226741,1354.1449959463782,18690.0
2020-12-04 00:00:00+00:00,1353.4907177550097,1365.6503861986278,1346.2810311744768,1354.9824168070825,14508.0
2020-12-05 00:00:00+00:00,1355.179690222957,1363.6495524137692,1350.8119479857273,1359.5606692364543,6167.0
2020-12-06 00:00:00+00:00,1359.955220163329,1362.6893147698283,1348.98870178007,1352.7541488041938,50275.0
2020-12-07 00:00:00+00:00,1352.79788801804,1369.6444373792992,1346.2259007551038,1358.2061453161296,19938.0
2020-12-08 00:00:00+00:00,1358.713454978942,1364.9804247989305,1349.7001672399726,1359.7794506385865,26735.0
2020-12-09 00:00:00+00:00,1358.9401170186804,1380.5576517639058,1351.2485406265162,1376.7714289392216,40147.0
2020-12-10 00:00:00+00:00,1376.7784172165095,1382.0344374417637,1354.3952864720222,1359.4681667206617,38905.0
2020-12-11 00:00:00+00:00,1360.036288974495,1387.4173465483977,1352.0674258517893,1383.6766435388372,23263.0
2020-12-12 00:00:00+00:00,1383.7153704977036,1387.8565814743379,1366.9105285382502,1369.3022484528935,8983.0
2020-12-13 00:00:00+00:00,1368.7359130113934,1382.785718984546,1364.7825061697963,1378.658680777004,20826.0
2020-12-14 00:00:00+00:00,1378.777803094547,1383.5291911226677,1374.327556069675,1376.5443967421288,16417.0
2020-12-15 00:00:00+00:00,1376.6803468336866,1382.1173819182354,1358.239968902388,1368.1033317070555,53477.0
2020-12-16 00:00:00+00:00,1367.6008907203436,1382.4680895771885,1360.456445844836,1379.612432471803,5015.0
2020-12-17 00:00:00+00:00,1380.367864908471,1383.4817198526111,1370.1618889924048,1372.2836837134137,42198.0
2020-12-18 00:00:00+00:00,1372.025919160324,1385.213484407088,1360.2473118459536,1369.4915975217168,24700.0
2020-12-19 00:00:00+00:00,1368.968735747817,1380.2348223842434,1358.036261133378,1370.9315944662544,20046.0
2020-12-20 00:00:00+00:00,1371.023513449861,1378.1578116555088,1364.4276304094808,1369.9609454744761,29880.0
2020-12-21 00:00:00+00:00,1369.6416066018758,1378.3198737418693,1361.2574163191937,1373.2924959669615,37898.0
2020-12-22 00:00:00+00:00,1373.2225876635682,1374.252719390795,1351.410977730209,1353.0517844476758,49105.0
2020-12-23 00:00:00+00:00,1353.2110581138995,1359.1385414444776,1350.093899658153,1356.9622200808544,26286.0
2020-12-24 00:00:00+00:00,1356.77325471313,1362.424100336057,1352.8688425791001,1359.2940873183873,47736.0
2020-12-25 00:00:00+00:00,1359.645781458748,1370.8516656765398,1348.1308084122588,1355.2487940695185,16775.0
2020-12-26 00:00:00+00:00,1355.440823972318,1360.7649535288326,1343.2202674492437,1348.2233564532294,37100.0
2020-12-27 00:00:00+00:00,1348.9042044570278,1351.4579341658457,1341.9810960539016,1346.3630706063186,46660.0
2020-12-28 00:00:00+00:00,1345.8668421041293,1349.3270347470277,1332.9545595663333,1337.7018967565402,18034.0
2020-12-29 00:00:00+00:00,1337.771086790381,1341.9390030845766,1325.7586120201167,1332.9321413759435,22746.0
2020-12-30 00:00:00+00:00,1333.101819330808,1335.2879947828105,1324.9651620849688,1329.7670053798317,24173.0
2020-12-31 00:00:00+00:00,1329.9517388962738,1337.968514858567,1326.0982353611912,1330.2618640190474,58520.0
2021-01-01 00:00:00+00:00,1329.1931928977824,1350.3892454756885,1322.778974781886,1340.1140156795593,49035.0
2021-01-02 00:00:00+00:00,1339.585591377197,1348.1952006925803,1332.552021203716,1335.415992195592,7115.0
2021-01-03 00:00:00+00:00,1335.6230678583256,1342.4894809604878,1317.7504281612798,1326.5812959127127,21984.0
2021-01-04 00:00:00+00:00,1326.9161447637932,1340.0921691901951,1310.2529618690535,1316.613043202491,13437.0
2021-01-05 00:00:00+00:00,1316.6647178016399,1319.451423845553,1311.3457570770574,1313.1902903647524,48356.0
2021-01-06 00:00:00+00:00,1313.3202328617408,1316.7541061469637,1303.2163794088933,1310.927794080742,28446.0
2021-01-07 00:00:00+00:00,1311.5960514861881,1318.1893713088944,1302.9290696366315,1309.252310236119,35203.0
2021-01-08 00:00:00+00:00,1309.105523577153,1336.4075360742008,1304.0703091688954,1327.3746966248402,47390.0
2021-01-09 00:00:00+00:00,1327.0108047365488,1333.3815798478274,1321.1285326841812,1323.5108492617226,6814.0
2021-01-10 00:00:00+00:00,1324.3276500550464,1332.9242054233641,1314.025003005891,1322.0630763811955,12410.0
2021-01-11 00:00:00+00:00,1322.4184694497853,1326.3747883541823,1302.044838225177,1318.53225884414,24385.0
2021-01-12 00:00:00+00:00,1318.482824975112,1322.4088882646863,1307.250225494873,1313.0639637912527,28230.0
2021-01-13 00:00:00+00:00,1312.7301345971,1347.9072768317062,1307.3798729620835,1346.553661011202,34038.0
2021-01-14 00:00:00+00:00,1347.4436840322846,1354.6601632901488,1328.1434260664619,1335.4348597016963,27480.0
2021-01-15 00:00:00+00:00,1335.326857446307,1352.8767709223728,1323.0915105348677,1340.427757947713,40790.0
2021-01-16 00:00:00+00:00,1340.035920420201,1384.6465785088346,1325.8045107929377,1380.398314274694,5891.0
2021-01-17 00:00:00+00:00,1381.1278714825849,1390.074216554299,1372.897309835862,1379.5886642176454,20956.0
2021-01-18 00:00:00+00:00,1378.8267878094964,1382.5750964603806,1355.1803782844108,1363.0868662322205,20688.0
2021-01-19 00:00:00+00:00,1363.0442916314753,1364.8480904844473,1347.6500369552161,1354.1322718003398,17047.0
2021-01-20 00:00:00+00:00,1354.505129866839,1372.7836732416383,1344.1020901374256,1365.6064094133465,6069.0
2021-01-21 00:00:00+00:00,1365.4915809655904,1380.1346708815793,1342.6647533400953,1359.6236285719265,59114.0
2021-01-22 00:00:00+00:00,1359.3850042845809,1366.5653419976584,1353.0245627073725,1359.3170181554158,15060.0
2021-01-23 00:00:00+00:00,1359.5892265937164,1364.742638803154,1316.2478255822593,1334.0821802399666,17733.0
2021-01-24 00:00:00+00:00,1333.4808075533072,1339.1102224573085,1302.13685171656,1309.4608401002517,42783.0
2021-01-25 00:00:00+00:00,1309.3866600626518,1328.592870725742,1300.5372836298907,1322.6586618097786,57382.0
2021-01-26 00:00:00+00:00,1323.0712213759975,1345.1768862384265,1319.0943709601127,1333.8417337322278,50353.0
2021-01-27 00:00:00+00:00,1333.3033221575174,1338.9595118531513,1321.5471359478988,1329.4068497312592,12343.0
2021-01-28 00:00:00+00:00,1330.1703405210183,1347.6663962877137,1309.818222131848,1323.1730011188238,34262.0
2021-01-29 00:00:00+00:00,1323.100812174565,1332.4993155710683,1305.7935397619794,1320.6764208533953,46204.0
2021-01-30 00:00:00+00:00,1320.6741542071518,1337.4733277005491,1313.7134017514995,1329.8952296275584,28367.0
2021-01-31 00:00:00+00:00,1329.6834568921638,1341.5958366278874,1326.7669961056833,1335.5517670435606,7924.0
2021-02-01 00:00:00+00:00,1335.8928606330435,1341.5260699025557,1324.142707213368,1335.9061846265688,25485.0
2021-02-02 00:00:00+00:00,1335.6937840492817,1350.1869308273137,1315.7586643537393,1321.5442404642458,54039.0
2021-02-03 00:00:00+00:00,1321.6994895779656,1330.4568452171904,1310.074211542029,1320.1956460126462,33789.0
2021-02-04 00:00:00+00:00,1320.8870156393073,1332.086126284643,1315.3267608935919,1323.8967472909667,45028.0
2021-02-05 00:00:00+00:00,1324.5868358618252,1327.4527277392358,1320.24174296755,1322.616646030077,17851.0
2021-02-06 00:00:00+00:00,1321.8625118898926,1329.911544147685,1314.370343926346,1319.5412846884972,30152.0
2021-02-07 00:00:00+00:00,1320.2786864899554,1331.7600431172789,1305.5374939105407,1318.1389044523014,5947.0
2021-02-08 00:00:00+00:00,1317.9204551113078,1323.5572944718083,1312.7043133225939,1319.1636577662841,24631.0
2021-02-09 00:00:00+00:00,1319.3577489383038,1322.3502910727605,1299.4260441920906,1302.5920779518742,48449.0
2021-02-10 00:00:00+00:00,1302.681582963467,1311.8716430323493,1298.3802765706084,1310.262662972867,52919.0
2021-02-11 00:00:00+00:00,1310.4436012373426,1315.5509765181669,1297.498047925401,1302.245124272898,21806.0
2021-02-12 00:00:00+00:00,1301.973157494593,1312.4583073554795,1296.0040110214873,1305.8522403922345,25180.0
2021-02-13 00:00:00+00:00,1306.1892523873519,1330.7649673229168,1302.1173003132396,1327.0928767799592,35931.0
2021-02-14 00:00:00+00:00,1327.6591961744118,1334.9835700186816,1323.5817700285309,1326.0286154777605,7032.0
2021-02-15 00:00:00+00:00,1325.7638035428768,1340.2333385761958,1322.696909198296,1332.0729999545115,32784.0
2021-02-16 00:00:00+00:00,1332.1011778038644,1348.7874732441405,1321.9105777192037,1336.3418329377525,57766.0
2021-02-17 00:00:00+00:00,1336.8065625511274,1365.582453364415,1329.8764393646004,1356.1746378267983,19592.0
2021-02-18 00:00:00+00:00,1356.7859888397916,1376.0649600538848,1343.0233200542373,1365.9387050281473,34128.0
2021-02-19 00:00:00+00:00,1366.1558339662872,1378.395223586054,1357.3562907036967,1369.9889416273463,29603.0
2021-02-20 00:00:00+00:00,1370.17183415679,1394.017838283521,1368.272618264963,1385.6059695277693,26929.0
2021-02-21 00:00:00+00:00,1385.9078353246086,1399.3701782595035,1380.8639558512955,1385.9235029344914,15155.0
2021-02-22 00:00:00+00:00,1385.7773703671708,1415.644365907058,1368.3160154674908,1401.2890643715168,49440.0
2021-02-23 00:00:00+00:00,1401.512152540802,1432.7391629117558,1387.6461484398008,1418.8681909809877,16278.0
2021-02-24 00:00:00+00:00,1418.7523391359202,1439.8287728222558,1409.561170968256,1424.8326228388578,57439.0
2021-02-25 00:00:00+00:00,1424.6784721583274,1442.9183511283195,1413.7347836144986,1426.054195170495,32185.0
2021-02-26 00:00:00+00:00,1424.7730556476351,1440.2166474235487,1419.9466833481667,1426.9083848499736,45554.0
2021-02-27 00:00:00+00:00,1425.9377966890709,1429.0645189930965,1398.9032099909628,1405.7013582305735,51270.0
2021-02-28 00:00:00+00:00,1405.943202567358,1418.1317015501754,1402.9221252248235,1411.68051306692,6842.0
2021-03-01 00:00:00+00:00,1412.1301696787625,1436.6855015604738,1401.5594213274715,1424.489900814559,21397.0
2021-03-02 00:00:00+00:00,1424.7773867581595,1435.9567370398681,1421.8509860671288,1432.5169852485574,56916.0
2021-03-03 00:00:00+00:00,1432.6118372772953,1436.1343992433538,1429.8810062539235,1433.3057574354707,41006.0
2021-03-04 00:00:00+00:00,1433.1716427135582,1440.8436077365686,1431.2527376305272,1437.0850620135163,6428.0
2021-03-05 00:00:00+00:00,1437.4402720043502,1440.3981517810776,1400.512663635072,1405.0948695655327,23456.0
2021-03-06 00:00:00+00:00,1404.908227375853,1417.8843334294422,1399.6423647692416,1408.2578108624118,55561.0
2021-03-07 00:00:00+00:00,1408.2896845143293,1425.4004863725147,1406.1212333216615,1415.1530094703228,31761.0
2021-03-08 00:00:00+00:00,1416.0220718090673,1426.9851776603002,1411.0267996062064,1414.3346202707608,47688.0
2021-03-09 00:00:00+00:00,1413.596609664318,1419.2028235520825,1410.3258624719983,1415.9612055928212,10207.0
2021-03-10 00:00:00+00:00,1415.6614450961329,1420.3383505590368,1412.725384517185,1417.3164270088487,38885.0
2021-03-11 00:00:00+00:00,1417.2136706675715,1428.1523851885743,1387.878513495108,1399.5425432462005,24888.0
2021-03-12 00:00:00+00:00,1398.5192230050372,1404.2379382109877,1397.2415321934395,1401.5191472574327,57788.0
2021-03-13 00:00:00+00:00,1400.8960485143277,1416.6235575193482,1393.7153000104195,1411.7624420488605,59417.0
2021-03-14 00:00:00+00:00,1412.3839474493175,1415.6901936197057,1406.691416302735,1408.0704651580459,13021.0
2021-03-15 00:00:00+00:00,1408.3871912260363,1416.9956993178655,1397.5614883147393,1404.3346047376856,43490.0
2021-03-16 00:00:00+00:00,1404.2893302497657,1410.9048896953984,1394.9355297976272,1401.0347160562771,46655.0
2021-03-17 00:00:00+00:00,1401.7860715091963,1404.6080294094902,1395.808159988706,1399.7203047387054,31675.0
2021-03-18 00:00:00+00:00,1399.2077448959117,1404.4333139313883,1393.158957652195,1395.9362681389073,42841.0
2021-03-19 00:00:00+00:00,1397.0176902504145,1399.1944947160116,1321.6006189819066,1323.165502274508,15658.0
